1289530992,279498.4,6130222.0,3.139
1289530993,279498.4,6130222.0,3.141
1289530994,279498.4,6130222.0,3.141
1289530995,279498.4,6130222.0,-3.141
1289530996,279498.4,6130222.0,-3.140
1289530997,279498.4,6130222.0,3.141
1289530998,279498.4,6130222.0,3.137
1289530999,279498.4,6130222.0,-3.141
1289531000,279498.4,6130222.0,-3.141
1289531001,279498.4,6130222.0,3.141
1289531002,279498.4,6130222.0,-3.142
1289531003,279498.4,6130222.0,-3.141
1289531004,279498.4,6130222.0,3.141
1289531005,279498.4,6130222.0,3.139
1289531006,279498.4,6130222.0,3.140
1289531007,279498.4,6130222.0,3.140
1289531008,279498.4,6130222.0,-3.141
1289531009,279498.4,6130222.0,3.139
1289531010,279498.4,6130222.0,-3.141
1289531011,279498.4,6130222.0,3.140
1289531012,279498.4,6130222.0,3.140
1289531013,279498.4,6130222.0,3.141
1289531014,279498.4,6130222.0,3.141
1289531015,279498.4,6130222.0,3.140
1289531016,279498.4,6130222.0,3.141
1289531017,279498.4,6130222.0,3.139
1289531018,279498.4,6130222.0,3.140
1289531019,279498.4,6130222.0,3.138
1289531020,279498.4,6130222.0,3.140
1289531021,279498.4,6130222.0,-3.141
1289531022,279498.4,6130222.0,3.139
1289531023,279498.4,6130222.0,3.140
1289531024,279498.4,6130222.0,3.141
1289531025,279498.4,6130222.0,3.140
1289531026,279498.4,6130222.0,3.141
1289531027,279498.4,6130222.0,3.139
1289531028,279498.4,6130222.0,-3.141
1289531029,279498.4,6130222.0,3.140
1289531030,279498.4,6130222.0,3.140
1289531031,279498.4,6130222.0,3.138
1289531032,279498.4,6130222.0,-3.142
1289531033,279498.4,6130222.0,3.141
1289531034,279498.4,6130222.0,3.140
1289531035,279498.4,6130222.0,3.139
1289531036,279498.4,6130222.0,3.141
1289531037,279498.4,6130222.0,-3.141
1289531038,279498.4,6130222.0,-3.141
1289531039,279498.4,6130222.0,-3.142
1289531040,279498.4,6130222.0,3.141
1289531041,279498.4,6130222.0,-3.141
1289531042,279498.4,6130222.0,-3.141
1289531043,279498.4,6130222.0,3.140
1289531044,279498.4,6130222.0,3.141
1289531045,279498.4,6130222.0,3.141
1289531046,279498.4,6130222.0,-3.141
1289531047,279498.4,6130222.0,-3.141
1289531048,279498.4,6130222.0,-3.141
1289531049,279498.4,6130222.0,3.141
1289531050,279498.4,6130222.0,-3.141
1289531051,279498.4,6130222.0,3.141
1289531052,279498.4,6130222.0,3.139
1289531053,279498.4,6130222.0,3.141
1289531054,279498.4,6130222.0,3.141
1289531055,279498.4,6130222.0,3.141
1289531056,279498.4,6130222.0,3.141
1289531057,279498.4,6130222.0,3.140
1289531058,279498.4,6130222.0,3.141
1289531059,279498.4,6130222.0,3.139
1289531060,279498.3,6130222.1,-3.136
1289531061,279498.4,6130222.0,3.141
1289531062,279498.4,6130222.0,3.140
1289531063,279498.4,6130222.0,3.141
1289531064,279498.4,6130222.0,3.140
1289531065,279498.4,6130222.0,3.141
1289531066,279498.4,6130222.0,3.140
1289531067,279498.4,6130222.0,-3.141
1289531068,279498.4,6130222.0,3.141
1289531069,279498.4,6130222.0,3.141
1289531070,279498.4,6130222.0,3.141
1289531071,279498.4,6130222.0,-3.142
1289531072,279498.4,6130222.0,-3.141
1289531073,279498.4,6130222.0,-3.141
1289531074,279498.4,6130222.0,3.141
1289531074,279498.4,6130222.0,3.141
1289531075,279498.4,6130222.0,-3.141
1289531076,279498.4,6130222.0,3.141
1289531077,279498.4,6130222.0,3.139
1289531078,279498.4,6130222.0,-3.142
1289531079,279498.4,6130222.0,3.141
1289531080,279498.4,6130222.0,-3.141
1289531081,279498.4,6130222.0,3.141
1289531082,279498.4,6130222.0,-3.141
1289531083,279498.4,6130222.0,-3.141
1289531084,279498.4,6130222.0,3.141
1289531085,279498.4,6130222.0,3.141
1289531086,279498.4,6130222.0,3.142
1289531087,279498.4,6130222.0,3.141
1289531088,279498.4,6130222.0,-3.141
1289531089,279498.4,6130222.0,3.140
1289531090,279498.4,6130222.0,-3.141
1289531091,279498.4,6130222.0,3.141
1289531092,279498.4,6130222.0,-3.141
1289531093,279498.4,6130222.0,3.141
1289531094,279498.4,6130222.0,-3.141
1289531095,279498.4,6130222.0,-3.141
1289531096,279498.4,6130222.0,3.141
1289531097,279498.4,6130222.0,3.142
1289531098,279498.4,6130222.0,3.141
1289531099,279498.4,6130222.0,3.142
1289531100,279498.4,6130222.0,3.141
1289531101,279498.4,6130222.0,-3.141
1289531102,279498.4,6130222.0,-3.141
1289531103,279498.4,6130222.0,3.141
1289531104,279498.4,6130222.0,-3.141
1289531105,279498.4,6130222.0,3.138
1289531106,279498.4,6130222.0,3.140
1289531107,279498.4,6130222.0,3.140
1289531108,279498.4,6130222.0,3.139
1289531109,279498.4,6130222.0,3.140
1289531110,279498.4,6130222.0,3.141
1289531111,279498.4,6130222.0,3.141
1289531112,279498.4,6130222.0,3.142
1289531113,279498.4,6130222.0,3.141
1289531114,279498.4,6130222.0,3.138
1289531115,279498.4,6130222.0,3.141
1289531116,279498.4,6130222.0,3.141
1289531117,279498.4,6130222.0,3.141
1289531118,279498.4,6130222.0,3.141
1289531119,279498.4,6130222.0,-3.141
1289531120,279498.4,6130222.0,-3.141
1289531121,279498.4,6130222.0,3.141
1289531122,279498.4,6130222.0,3.141
1289531123,279498.4,6130222.0,3.141
1289531124,279498.4,6130222.0,-3.141
1289531125,279498.4,6130222.0,-3.141
1289531126,279498.4,6130222.0,3.141
1289531127,279498.4,6130222.0,-3.141
1289531128,279498.4,6130222.0,3.141
1289531129,279498.4,6130222.0,3.141
1289531130,279498.4,6130222.0,3.140
1289531131,279498.4,6130222.0,-3.141
1289531132,279498.4,6130222.0,-3.142
1289531133,279498.4,6130222.0,3.141
1289531134,279498.4,6130222.0,-3.141
1289531135,279498.4,6130222.0,3.140
1289531136,279498.4,6130222.0,3.141
1289531137,279498.4,6130222.0,3.141
1289531138,279498.4,6130222.0,3.141
1289531139,279498.4,6130222.0,3.141
1289531140,279498.4,6130222.0,3.141
1289531141,279498.4,6130222.0,3.141
1289531142,279498.4,6130222.0,3.141
1289531143,279498.4,6130222.0,3.142
1289531144,279498.4,6130222.0,3.141
1289531145,279498.4,6130222.0,-3.141
1289531146,279498.4,6130222.0,-3.142
1289531147,279498.4,6130222.0,3.141
1289531148,279498.4,6130222.0,-3.141
1289531149,279498.4,6130222.0,3.141
1289531150,279498.4,6130222.0,-3.141
1289531151,279498.4,6130222.0,3.141
1289531152,279498.4,6130222.0,3.141
1289531153,279498.4,6130222.0,-3.141
1289531154,279498.4,6130222.0,3.141
1289531155,279498.4,6130222.0,-3.141
1289531156,279498.4,6130222.0,3.139
1289531157,279498.4,6130222.0,3.139
1289531158,279498.4,6130222.0,3.141
1289531159,279498.4,6130222.0,3.140
1289531160,279498.4,6130222.0,-3.141
1289531161,279498.4,6130222.0,-3.140
1289531162,279498.4,6130222.0,3.140
1289531163,279498.4,6130222.0,3.140
1289531164,279498.4,6130222.0,3.141
1289531165,279498.4,6130222.0,3.140
1289531166,279498.4,6130222.0,3.140
1289531167,279498.4,6130222.0,3.136
1289531168,279498.4,6130222.0,3.139
1289531169,279498.4,6130222.0,3.140
1289531170,279498.4,6130222.0,3.140
1289531171,279498.4,6130222.0,3.139
1289531172,279498.4,6130222.0,3.141
1289531173,279498.4,6130222.0,3.140
1289531174,279498.4,6130222.0,-3.142
1289531175,279498.4,6130222.0,-3.141
1289531176,279498.4,6130222.0,-3.140
1289531177,279498.4,6130222.0,-3.140
1289531178,279498.4,6130222.0,-3.140
1289531179,279498.4,6130222.0,3.139
1289531180,279498.4,6130222.0,3.138
1289531181,279498.4,6130222.0,3.139
1289531182,279498.4,6130222.0,3.138
1289531183,279498.4,6130222.0,3.138
1289531184,279498.4,6130222.0,3.139
1289531185,279498.4,6130222.0,-3.141
1289531186,279498.4,6130222.0,-3.141
1289531187,279498.4,6130222.0,3.139
1289531188,279498.4,6130222.1,-3.134
1289531189,279498.4,6130222.1,-3.135
1289531190,279498.4,6130222.1,-3.136
1289531191,279498.4,6130222.1,-3.135
1289531192,279498.4,6130222.1,-3.135
1289531193,279498.4,6130222.1,-3.135
1289531194,279498.4,6130222.1,-3.136
1289531195,279498.4,6130222.0,-3.141
1289531196,279498.4,6130222.0,-3.141
1289531197,279498.4,6130222.0,-3.140
1289531198,279498.4,6130222.0,-3.141
1289531199,279498.4,6130222.0,3.141
1289531200,279498.4,6130222.0,-3.141
1289531201,279498.4,6130222.0,-3.140
1289531202,279498.4,6130222.0,-3.141
1289531203,279498.4,6130222.0,-3.141
1289531204,279498.4,6130222.0,-3.141
1289531205,279498.4,6130222.0,-3.141
1289531206,279498.4,6130222.0,-3.141
1289531207,279498.4,6130222.0,-3.141
1289531208,279498.4,6130222.0,-3.141
1289531209,279498.4,6130222.0,3.141
1289531210,279498.4,6130222.0,-3.141
1289531211,279498.4,6130222.0,3.141
1289531212,279498.4,6130222.0,3.140
1289531213,279498.4,6130222.0,3.140
1289531214,279498.4,6130222.0,3.140
1289531215,279498.4,6130222.0,3.141
1289531216,279498.4,6130222.0,3.141
1289531217,279498.4,6130222.0,3.140
1289531218,279498.4,6130222.0,3.141
1289531219,279498.4,6130222.0,3.140
1289531220,279498.4,6130222.0,3.141
1289531221,279498.4,6130222.0,3.139
1289531222,279498.4,6130222.0,3.140
1289531223,279498.4,6130222.0,3.140
1289531224,279498.4,6130222.0,3.138
1289531225,279498.4,6130222.0,3.140
1289531226,279498.4,6130222.0,3.139
1289531227,279498.4,6130222.0,3.140
1289531229,279498.4,6130222.0,3.139
1289531229,279498.4,6130222.0,3.138
1289531231,279498.4,6130222.0,3.139
1289531232,279498.4,6130222.0,3.140
1289531233,279498.4,6130222.0,3.140
1289531234,279498.4,6130222.0,3.141
1289531235,279498.4,6130222.0,3.141
1289531236,279498.4,6130222.0,3.139
1289531237,279498.4,6130222.0,3.140
1289531238,279498.4,6130222.0,3.139
1289531239,279498.4,6130222.0,3.139
1289531240,279498.4,6130222.0,3.141
1289531241,279498.4,6130222.0,3.141
1289531242,279498.4,6130222.0,-3.141
1289531243,279498.4,6130222.0,-3.141
1289531244,279498.4,6130222.0,3.140
1289531245,279498.4,6130222.0,-3.141
1289531246,279498.4,6130222.0,3.139
1289531247,279498.4,6130222.0,-3.140
1289531248,279498.4,6130222.0,3.141
1289531249,279498.4,6130222.0,-3.141
1289531250,279498.4,6130222.0,3.138
1289531250,279498.4,6130222.0,3.141
1289531252,279498.4,6130222.0,3.141
1289531253,279498.4,6130222.0,3.140
1289531254,279498.4,6130222.0,3.138
1289531255,279498.4,6130222.0,3.140
1289531256,279498.4,6130222.0,3.141
1289531257,279498.4,6130222.0,3.139
1289531258,279498.4,6130222.0,-3.142
1289531259,279498.4,6130222.0,3.140
1289531260,279498.4,6130222.1,-3.138
1289531261,279498.4,6130222.1,-3.138
1289531262,279498.4,6130222.1,-3.139
1289531263,279498.4,6130222.1,-3.139
1289531264,279498.4,6130222.1,-3.140
1289531265,279498.4,6130222.0,3.139
1289531266,279498.4,6130222.0,3.139
1289531267,279498.4,6130222.0,-3.141
1289531268,279498.4,6130222.0,-3.140
1289531269,279498.4,6130222.0,3.141
1289531270,279498.4,6130222.0,-3.141
1289531271,279498.3,6130222.1,-3.139
1289531272,279498.3,6130222.1,-3.140
1289531273,279498.3,6130222.1,-3.140
1289531274,279498.3,6130222.1,-3.140
1289531275,279498.3,6130222.1,-3.139
1289531276,279498.3,6130222.1,-3.139
1289531277,279498.3,6130222.1,-3.137
1289531278,279498.3,6130222.1,-3.138
1289531279,279498.4,6130222.0,3.141
1289531280,279498.4,6130222.1,-3.136
1289531281,279498.4,6130222.1,-3.139
1289531282,279498.4,6130222.1,-3.139
1289531283,279498.4,6130222.1,-3.135
1289531284,279498.4,6130222.1,-3.137
1289531285,279498.4,6130222.1,-3.134
1289531286,279498.4,6130222.1,-3.140
1289531287,279498.4,6130222.1,-3.138
1289531288,279498.4,6130222.0,3.137
1289531289,279498.4,6130222.0,3.139
1289531290,279498.4,6130222.0,3.141
1289531291,279498.4,6130222.0,3.141
1289531292,279498.4,6130222.0,-3.141
1289531293,279498.4,6130222.0,3.141
1289531294,279498.4,6130222.0,3.141
1289531295,279498.4,6130222.0,-3.141
1289531296,279498.4,6130222.0,3.140
1289531297,279498.4,6130222.0,3.140
1289531298,279498.4,6130222.0,-3.141
1289531299,279498.4,6130222.0,3.139
1289531300,279498.4,6130222.0,3.141
1289531301,279498.4,6130222.0,3.141
1289531302,279498.3,6130222.1,-3.139
1289531303,279498.3,6130222.1,-3.139
1289531304,279498.4,6130222.0,3.142
1289531305,279498.4,6130222.0,3.140
1289531306,279498.4,6130222.0,3.140
1289531307,279498.4,6130222.0,3.140
1289531308,279498.4,6130222.0,3.140
1289531309,279498.4,6130222.0,3.139
1289531310,279498.4,6130222.0,3.139
1289531311,279498.4,6130222.0,3.138
1289531312,279498.4,6130222.0,3.140
1289531313,279498.4,6130222.0,3.139
1289531314,279498.4,6130222.0,3.140
1289531315,279498.4,6130222.0,-3.141
1289531316,279498.4,6130222.1,-3.141
1289531317,279498.4,6130222.1,-3.139
1289531318,279498.4,6130222.1,-3.140
1289531319,279498.4,6130222.1,-3.140
1289531320,279498.4,6130222.1,-3.141
1289531321,279498.4,6130222.1,-3.141
1289531322,279498.4,6130222.1,-3.140
1289531323,279498.4,6130222.1,-3.141
1289531324,279498.4,6130222.1,3.140
1289531325,279498.4,6130222.1,-3.141
1289531326,279498.4,6130222.1,-3.141
1289531327,279498.4,6130222.0,3.140
1289531328,279498.4,6130222.0,3.140
1289531329,279498.4,6130222.0,-3.141
1289531330,279498.4,6130222.0,3.139
1289531331,279498.4,6130222.0,-3.141
1289531332,279498.3,6130222.1,-3.139
1289531333,279498.3,6130222.1,-3.141
1289531334,279498.4,6130222.0,3.139
1289531335,279498.4,6130222.0,3.139
1289531336,279498.4,6130222.0,3.137
1289531337,279498.4,6130222.0,3.139
1289531338,279498.4,6130222.0,3.139
1289531339,279498.4,6130222.0,3.138
1289531340,279498.4,6130222.0,3.139
1289531341,279498.4,6130222.0,3.137
1289531342,279498.4,6130222.0,3.140
1289531343,279498.4,6130222.0,3.141
1289531344,279498.4,6130222.0,3.138
1289531345,279498.4,6130222.0,3.141
1289531346,279498.4,6130222.0,3.139
1289531347,279498.4,6130222.0,3.140
1289531348,279498.4,6130222.0,3.140
1289531349,279498.4,6130222.0,3.141
1289531350,279498.4,6130222.0,3.140
1289531351,279498.4,6130222.0,3.139
1289531352,279498.4,6130222.0,3.139
1289531353,279498.4,6130222.0,-3.141
1289531354,279498.4,6130222.0,3.140
1289531355,279498.4,6130222.0,3.138
1289531356,279498.4,6130222.0,3.139
1289531357,279498.4,6130222.0,3.139
1289531358,279498.4,6130222.0,3.141
1289531359,279498.4,6130222.0,3.140
1289531360,279498.4,6130222.0,3.140
1289531361,279498.4,6130222.0,3.138
1289531362,279498.4,6130222.0,3.141
1289531363,279498.4,6130222.0,3.139
1289531364,279498.4,6130222.0,-3.142
1289531365,279498.4,6130222.0,-3.141
1289531366,279498.4,6130222.0,3.139
1289531367,279498.4,6130222.0,3.140
1289531368,279498.4,6130222.0,3.138
1289531369,279498.4,6130222.0,-3.142
1289531370,279498.4,6130222.0,3.140
1289531371,279498.4,6130222.0,3.140
1289531372,279498.4,6130222.0,3.141
1289531373,279498.4,6130222.0,3.139
1289531374,279498.4,6130222.0,3.138
1289531375,279498.3,6130222.1,-3.141
1289531376,279498.3,6130222.1,-3.140
1289531377,279498.3,6130222.1,-3.141
1289531378,279498.3,6130222.1,-3.140
1289531379,279498.3,6130222.1,-3.140
1289531380,279498.3,6130222.1,-3.141
1289531381,279498.4,6130222.0,3.139
1289531382,279498.4,6130222.0,3.142
1289531383,279498.4,6130222.0,-3.142
1289531384,279498.4,6130222.0,-3.141
1289531385,279498.4,6130222.0,3.141
1289531386,279498.3,6130222.1,-3.140
1289531387,279498.4,6130222.0,-3.141
1289531388,279498.4,6130222.0,3.140
1289531389,279498.4,6130222.0,3.141
1289531390,279498.4,6130222.1,-3.141
1289531391,279498.4,6130222.1,-3.141
1289531392,279498.4,6130222.1,-3.140
1289531393,279498.4,6130222.1,-3.142
1289531394,279498.4,6130222.0,3.141
1289531395,279498.4,6130222.1,-3.140
1289531396,279498.4,6130222.1,-3.140
1289531397,279498.4,6130222.1,-3.141
1289531398,279498.4,6130222.1,-3.140
1289531399,279498.4,6130222.1,-3.141
1289531400,279498.4,6130222.1,-3.141
1289531401,279498.4,6130222.1,-3.140
1289531402,279498.4,6130222.1,-3.141
1289531403,279498.4,6130222.1,-3.140
1289531404,279498.4,6130222.1,-3.141
1289531405,279498.4,6130222.1,-3.141
1289531406,279498.4,6130222.1,-3.141
1289531407,279498.4,6130222.1,-3.141
1289531408,279498.4,6130222.1,-3.141
1289531409,279498.4,6130222.1,-3.141
1289531410,279498.4,6130222.1,-3.141
1289531411,279498.4,6130222.1,-3.139
1289531412,279498.4,6130222.1,-3.140
1289531413,279498.4,6130222.0,-3.141
1289531414,279498.4,6130222.0,-3.141
1289531415,279498.4,6130222.1,-3.140
1289531416,279498.4,6130222.1,-3.141
1289531417,279498.4,6130222.1,-3.140
1289531418,279498.4,6130222.1,-3.141
1289531419,279498.4,6130222.1,-3.141
1289531420,279498.4,6130222.1,-3.140
1289531421,279498.4,6130222.1,-3.141
1289531422,279498.4,6130222.1,-3.141
1289531423,279498.4,6130222.1,-3.140
1289531424,279498.4,6130222.1,-3.140
1289531425,279498.4,6130222.1,-3.141
1289531426,279498.4,6130222.1,-3.140
1289531427,279498.4,6130222.1,-3.139
1289531428,279498.4,6130222.1,-3.141
1289531429,279498.4,6130222.1,-3.140
1289531430,279498.4,6130222.1,-3.141
1289531431,279498.4,6130222.1,-3.140
1289531432,279498.4,6130222.1,-3.140
1289531433,279498.4,6130222.1,-3.140
1289531434,279498.4,6130222.1,-3.141
1289531435,279498.4,6130222.1,-3.140
1289531436,279498.4,6130222.1,-3.141
1289531437,279498.4,6130222.1,-3.141
1289531438,279498.4,6130222.1,-3.140
1289531439,279498.4,6130222.1,-3.141
1289531440,279498.4,6130222.1,-3.140
1289531441,279498.4,6130222.1,-3.141
1289531442,279498.4,6130222.1,-3.140
1289531443,279498.4,6130222.1,-3.141
1289531444,279498.4,6130222.1,-3.141
1289531445,279498.4,6130222.1,-3.140
1289531446,279498.4,6130222.1,-3.140
1289531447,279498.4,6130222.1,-3.141
1289531448,279498.4,6130222.1,-3.141
1289531449,279498.4,6130222.1,-3.141
1289531450,279498.4,6130222.1,-3.141
1289531451,279498.4,6130222.1,-3.141
1289531452,279498.4,6130222.1,-3.140
1289531453,279498.4,6130222.1,-3.141
1289531454,279498.4,6130222.1,-3.140
1289531455,279498.4,6130222.1,-3.141
1289531456,279498.3,6130222.0,3.141
1289531457,279498.3,6130222.0,-3.141
1289531458,279498.3,6130222.0,3.141
1289531459,279498.3,6130222.0,3.141
1289531460,279498.3,6130222.0,-3.142
1289531461,279498.3,6130222.0,-3.141
1289531462,279498.3,6130222.0,3.141
1289531463,279498.3,6130222.0,3.141
1289531464,279498.3,6130222.0,-3.141
1289531465,279498.3,6130222.0,-3.141
1289531466,279498.3,6130222.0,3.141
1289531467,279498.3,6130222.0,3.141
1289531468,279498.3,6130222.0,-3.141
1289531469,279498.3,6130222.0,-3.141
1289531470,279498.4,6130222.1,-3.141
1289531471,279498.4,6130222.1,-3.141
1289531472,279498.4,6130222.1,-3.141
1289531473,279498.4,6130222.1,-3.141
1289531474,279498.4,6130222.1,-3.140
1289531475,279498.4,6130222.1,-3.141
1289531476,279498.4,6130222.1,-3.139
1289531477,279498.4,6130222.1,-3.141
1289531478,279498.4,6130222.1,-3.141
1289531479,279498.4,6130222.1,3.141
1289531480,279498.4,6130222.1,-3.140
1289531481,279498.4,6130222.1,-3.140
1289531482,279498.4,6130222.1,-3.141
1289531483,279498.4,6130222.1,-3.141
1289531484,279498.4,6130222.1,-3.141
1289531485,279498.4,6130222.1,-3.142
1289531486,279498.4,6130222.1,3.141
1289531487,279498.4,6130222.1,3.141
1289531488,279498.4,6130222.1,-3.141
1289531489,279498.4,6130222.1,-3.140
1289531490,279498.4,6130222.1,-3.140
1289531491,279498.4,6130222.1,-3.140
1289531492,279498.4,6130222.1,-3.140
1289531493,279498.4,6130222.1,-3.139
1289531494,279498.4,6130222.1,-3.141
1289531495,279498.4,6130222.1,-3.140
1289531496,279498.4,6130222.1,-3.140
1289531497,279498.4,6130222.1,-3.140
1289531498,279498.4,6130222.1,-3.140
1289531499,279498.4,6130222.1,-3.141
1289531500,279498.4,6130222.1,-3.140
1289531501,279498.4,6130222.1,3.142
1289531502,279498.4,6130222.1,-3.140
1289531503,279498.4,6130222.1,-3.139
1289531504,279498.4,6130222.1,-3.140
1289531505,279498.4,6130222.1,-3.141
1289531506,279498.4,6130222.1,-3.140
1289531507,279498.4,6130222.1,-3.139
1289531508,279498.4,6130222.1,3.141
1289531509,279498.4,6130222.1,-3.140
1289531510,279498.4,6130222.1,-3.140
1289531511,279498.4,6130222.1,-3.141
1289531512,279498.4,6130222.1,3.141
1289531513,279498.4,6130222.1,-3.141
1289531514,279498.4,6130222.1,-3.141
1289531515,279498.4,6130222.1,-3.141
1289531516,279498.4,6130222.1,3.141
1289531517,279498.4,6130222.1,-3.140
1289531518,279498.4,6130222.1,-3.140
1289531519,279498.4,6130222.1,-3.141
1289531520,279498.4,6130222.1,-3.140
1289531521,279498.4,6130222.1,3.141
1289531522,279498.4,6130222.1,-3.140
1289531523,279498.4,6130222.1,-3.141
1289531524,279498.4,6130222.1,-3.140
1289531525,279498.4,6130222.0,3.140
1289531526,279498.4,6130222.0,3.138
1289531527,279498.4,6130222.0,3.139
1289531528,279498.4,6130222.0,3.139
1289531529,279498.4,6130222.0,-3.142
1289531530,279498.4,6130222.0,3.139
1289531531,279498.4,6130222.0,3.140
1289531532,279498.4,6130222.0,-3.141
1289531533,279498.4,6130222.0,3.139
1289531534,279498.4,6130222.0,3.138
1289531535,279498.4,6130222.0,3.141
1289531536,279498.4,6130222.0,3.138
1289531537,279498.4,6130222.0,3.139
1289531538,279498.4,6130222.0,3.138
1289531539,279498.4,6130222.0,3.140
1289531540,279498.4,6130222.0,3.139
1289531541,279498.4,6130222.0,3.138
1289531542,279498.4,6130222.0,3.138
1289531543,279498.4,6130222.0,3.141
1289531544,279498.4,6130222.0,-3.141
1289531545,279498.3,6130222.0,-3.141
1289531546,279498.3,6130222.0,3.141
1289531547,279498.3,6130222.0,3.141
1289531548,279498.3,6130222.0,3.141
1289531549,279498.3,6130222.0,3.141
1289531550,279498.3,6130222.1,-3.135
1289531551,279498.3,6130222.1,-3.139
1289531552,279498.4,6130222.0,3.141
1289531553,279498.4,6130222.0,3.137
1289531554,279498.4,6130222.0,3.138
1289531555,279498.4,6130222.0,3.140
1289531556,279498.4,6130222.0,3.138
1289531557,279498.4,6130222.0,3.138
1289531558,279498.4,6130222.0,3.139
1289531559,279498.4,6130222.0,3.140
1289531560,279498.4,6130222.0,3.139
1289531561,279498.4,6130222.0,-3.141
1289531562,279498.4,6130222.0,-3.141
1289531563,279498.4,6130222.0,3.142
1289531564,279498.4,6130222.1,-3.140
1289531565,279498.4,6130222.1,-3.141
1289531566,279498.4,6130222.1,3.140
1289531567,279498.4,6130222.1,-3.140
1289531568,279498.4,6130222.1,-3.140
1289531569,279498.4,6130222.1,-3.141
1289531570,279498.4,6130222.1,-3.141
1289531571,279498.4,6130222.1,-3.140
1289531572,279498.4,6130222.1,-3.141
1289531573,279498.4,6130222.1,-3.140
1289531574,279498.4,6130222.1,-3.140
1289531575,279498.4,6130222.1,-3.140
1289531576,279498.3,6130222.1,-3.135
1289531577,279498.3,6130222.1,-3.140
1289531578,279498.4,6130222.0,3.139
1289531579,279498.4,6130222.0,3.140
1289531580,279498.4,6130222.0,3.140
1289531581,279498.4,6130222.0,3.141
1289531582,279498.4,6130222.0,3.140
1289531583,279498.4,6130222.0,-3.141
1289531584,279498.4,6130222.0,3.139
1289531585,279498.4,6130222.0,3.141
1289531586,279498.4,6130222.0,3.140
1289531587,279498.4,6130222.0,3.142
1289531588,279498.4,6130222.0,3.140
1289531589,279498.4,6130222.0,3.140
1289531590,279498.4,6130222.0,3.139
1289531591,279498.4,6130222.0,3.138
1289531592,279498.4,6130222.0,3.139
1289531593,279498.4,6130222.0,3.141
1289531594,279498.4,6130222.0,3.140
1289531595,279498.4,6130222.0,-3.141
1289531596,279498.4,6130222.0,3.140
1289531597,279498.4,6130222.0,3.138
1289531598,279498.4,6130222.0,3.139
1289531599,279498.4,6130222.0,3.141
1289531600,279498.4,6130222.0,3.141
1289531601,279498.4,6130222.0,3.139
1289531602,279498.4,6130222.0,-3.142
1289531603,279498.4,6130222.0,-3.140
1289531604,279498.4,6130222.0,-3.138
1289531605,279498.3,6130222.0,-3.124
1289531606,279498.3,6130221.9,-3.088
1289531607,279498.4,6130221.6,-3.069
1289531614,279498.3,6130221.3,-3.055
1289531615,279498.3,6130221.6,-3.076
1289531616,279498.3,6130221.8,-3.089
1289531617,279498.3,6130221.9,-3.097
1289531618,279498.3,6130222.1,-3.099
1289531619,279498.3,6130222.1,-3.116
1289531620,279498.3,6130222.1,-3.124
1289531621,279498.3,6130222.1,-3.129
1289531622,279498.3,6130222.1,-3.131
1289531623,279498.3,6130222.1,-3.134
1289531624,279498.4,6130222.0,3.141
1289531625,279498.4,6130222.0,3.141
1289531626,279498.4,6130222.0,-3.142
1289531627,279498.4,6130222.0,3.141
1289531628,279498.4,6130222.0,3.141
1289531629,279498.4,6130222.0,3.141
1289531630,279498.4,6130222.1,-3.140
1289531631,279498.4,6130222.1,-3.141
1289531632,279498.4,6130222.1,-3.140
1289531633,279498.4,6130222.0,3.141
1289531634,279498.4,6130222.1,-3.141
1289531635,279498.4,6130222.1,-3.140
1289531636,279498.4,6130222.1,-3.141
1289531637,279498.4,6130222.1,-3.140
1289531638,279498.4,6130222.1,3.142
1289531639,279498.4,6130222.1,-3.141
1289531640,279498.4,6130222.1,-3.140
1289531641,279498.4,6130222.0,3.141
1289531642,279498.4,6130222.0,3.140
1289531643,279498.4,6130222.1,-3.141
1289531644,279498.4,6130222.1,-3.141
1289531645,279498.4,6130222.1,-3.141
1289531646,279498.4,6130222.1,-3.140
1289531647,279498.4,6130222.1,-3.141
1289531648,279498.4,6130222.1,3.141
1289531649,279498.4,6130222.1,3.142
1289531650,279498.4,6130222.1,-3.141
1289531651,279498.4,6130222.1,-3.140
1289531652,279498.4,6130222.1,-3.141
1289531653,279498.3,6130222.1,-3.138
1289531654,279498.4,6130222.0,3.141
1289531655,279498.4,6130222.0,-3.141
1289531656,279498.4,6130222.0,3.141
1289531657,279498.4,6130222.0,-3.141
1289531658,279498.4,6130222.0,-3.141
1289531659,279498.4,6130222.0,-3.141
1289531660,279498.4,6130222.0,3.141
1289531661,279498.4,6130222.0,-3.141
1289531662,279498.4,6130222.0,-3.141
1289531663,279498.4,6130222.0,3.141
1289531664,279498.3,6130222.1,-3.141
1289531665,279498.3,6130222.1,3.141
1289531666,279498.4,6130222.0,3.140
1289531667,279498.3,6130222.1,-3.141
1289531668,279498.4,6130222.1,-3.141
1289531669,279498.4,6130222.1,3.141
1289531670,279498.4,6130222.1,-3.141
1289531671,279498.4,6130222.1,3.141
1289531672,279498.4,6130222.1,-3.141
1289531673,279498.4,6130222.1,-3.141
1289531674,279498.4,6130222.1,-3.140
1289531675,279498.4,6130222.1,-3.140
1289531676,279498.4,6130222.1,3.141
1289531677,279498.4,6130222.1,3.142
1289531678,279498.4,6130222.1,-3.140
1289531679,279498.4,6130222.1,-3.141
1289531680,279498.4,6130222.1,3.142
1289531681,279498.4,6130222.1,-3.140
1289531682,279498.4,6130222.1,-3.141
1289531683,279498.4,6130222.1,-3.142
1289531684,279498.4,6130222.1,-3.141
1289531685,279498.4,6130222.1,-3.139
1289531686,279498.4,6130222.1,-3.140
1289531687,279498.4,6130222.1,-3.141
1289531688,279498.4,6130222.1,-3.140
1289531689,279498.4,6130222.1,-3.140
1289531690,279498.4,6130222.1,-3.140
1289531691,279498.4,6130222.1,-3.141
1289531692,279498.4,6130222.1,-3.141
1289531693,279498.4,6130222.1,-3.140
1289531694,279498.4,6130222.1,-3.140
1289531695,279498.4,6130222.1,-3.141
1289531696,279498.4,6130222.1,-3.140
1289531697,279498.4,6130222.1,3.141
1289531698,279498.4,6130222.1,-3.141
1289531699,279498.4,6130222.1,3.141
1289531700,279498.4,6130222.1,-3.140
1289531701,279498.4,6130222.1,-3.141
1289531702,279498.4,6130222.1,-3.141
1289531703,279498.3,6130222.1,-3.135
1289531704,279498.4,6130222.1,-3.140
1289531705,279498.4,6130222.1,-3.140
1289531706,279498.4,6130222.1,3.141
1289531707,279498.4,6130222.1,3.141
1289531708,279498.4,6130222.1,-3.139
1289531709,279498.4,6130222.1,-3.141
1289531710,279498.4,6130222.1,-3.139
1289531711,279498.4,6130222.1,-3.140
1289531712,279498.4,6130222.1,3.141
1289531713,279498.4,6130222.1,-3.140
1289531714,279498.4,6130222.1,3.141
1289531715,279498.4,6130222.1,-3.140
1289531716,279498.4,6130222.1,3.141
1289531717,279498.4,6130222.1,-3.140
1289531718,279498.4,6130222.1,3.141
1289531719,279498.4,6130222.1,-3.139
1289531720,279498.4,6130222.1,-3.141
1289531721,279498.4,6130222.1,-3.140
1289531722,279498.4,6130222.1,3.141
1289531723,279498.4,6130222.1,-3.139
1289531724,279498.4,6130222.1,3.141
1289531725,279498.4,6130222.1,-3.141
1289531726,279498.4,6130222.1,3.141
1289531727,279498.4,6130222.1,-3.142
1289531728,279498.4,6130222.1,3.142
1289531729,279498.4,6130222.1,-3.141
1289531730,279498.4,6130222.1,3.141
1289531731,279498.4,6130222.1,-3.139
1289531732,279498.4,6130222.1,-3.142
1289531733,279498.3,6130222.1,-3.140
1289531734,279498.3,6130222.1,-3.141
1289531735,279498.3,6130222.1,-3.140
1289531736,279498.3,6130222.1,-3.140
1289531737,279498.3,6130222.1,-3.140
1289531738,279498.4,6130222.1,3.141
1289531739,279498.4,6130222.1,3.141
1289531740,279498.4,6130222.1,3.141
1289531741,279498.4,6130222.1,-3.141
1289531742,279498.4,6130222.1,-3.141
1289531743,279498.4,6130222.1,-3.141
1289531744,279498.4,6130222.1,-3.141
1289531745,279498.4,6130222.1,-3.140
1289531746,279498.4,6130222.1,-3.140
1289531747,279498.4,6130222.1,-3.140
1289531748,279498.4,6130222.1,-3.141
1289531749,279498.4,6130222.1,-3.141
1289531750,279498.4,6130222.1,-3.139
1289531751,279498.4,6130222.1,-3.141
1289531752,279498.4,6130222.1,-3.142
1289531753,279498.4,6130222.1,-3.140
1289531754,279498.4,6130222.1,-3.140
1289531755,279498.4,6130222.1,-3.140
1289531756,279498.4,6130222.1,-3.141
1289531757,279498.4,6130222.1,3.141
1289531758,279498.4,6130222.1,-3.141
1289531759,279498.4,6130222.1,-3.141
1289531760,279498.4,6130222.1,-3.140
1289531761,279498.4,6130222.1,-3.141
1289531762,279498.4,6130222.1,-3.141
1289531763,279498.4,6130222.1,3.141
1289531764,279498.4,6130222.1,-3.141
1289531765,279498.4,6130222.1,-3.141
1289531766,279498.4,6130222.1,-3.140
1289531767,279498.4,6130222.1,-3.140
1289531768,279498.4,6130222.1,-3.140
1289531769,279498.4,6130222.1,3.141
1289531770,279498.4,6130222.1,-3.141
1289531771,279498.4,6130222.1,-3.142
1289531772,279498.4,6130222.1,-3.140
1289531773,279498.4,6130222.1,-3.139
1289531774,279498.4,6130222.1,-3.141
1289531775,279498.4,6130222.1,3.141
1289531776,279498.4,6130222.1,-3.136
1289531777,279498.4,6130222.1,-3.142
1289531778,279498.4,6130222.1,-3.140
1289531779,279498.4,6130222.1,-3.141
1289531780,279498.4,6130222.1,3.141
1289531781,279498.4,6130222.1,3.141
1289531782,279498.4,6130222.1,-3.141
1289531783,279498.4,6130222.1,-3.141
1289531784,279498.4,6130222.1,-3.141
1289531785,279498.4,6130222.1,3.141
1289531786,279498.4,6130222.1,3.141
1289531787,279498.4,6130222.1,3.141
1289531788,279498.4,6130222.1,-3.141
1289531789,279498.4,6130222.1,3.141
1289531790,279498.4,6130222.1,-3.140
1289531791,279498.4,6130222.1,3.140
1289531792,279498.4,6130222.1,3.141
1289531793,279498.4,6130222.1,-3.141
1289531794,279498.4,6130222.1,3.141
1289531795,279498.4,6130222.1,3.140
1289531796,279498.4,6130222.1,3.141
1289531797,279498.4,6130222.1,3.141
1289531798,279498.4,6130222.1,3.140
1289531799,279498.4,6130222.1,-3.141
1289531800,279498.4,6130222.1,3.142
1289531801,279498.4,6130222.1,-3.142
1289531802,279498.4,6130222.1,-3.141
1289531803,279498.4,6130222.1,3.140
1289531804,279498.4,6130222.1,3.140
1289531805,279498.4,6130222.1,3.141
1289531806,279498.4,6130222.1,3.141
1289531807,279498.4,6130222.1,3.140
1289531808,279498.4,6130222.1,-3.141
1289531809,279498.4,6130222.1,-3.140
1289531810,279498.4,6130222.1,3.141
1289531811,279498.4,6130222.1,3.140
1289531812,279498.4,6130222.1,3.142
1289531813,279498.4,6130222.1,-3.142
1289531814,279498.4,6130222.1,-3.141
1289531815,279498.0,6130222.1,-3.136
1289531816,279497.5,6130222.0,-3.135
1289531817,279497.3,6130222.0,-3.136
1289531818,279497.3,6130222.0,-3.136
1289531819,279497.3,6130222.0,-3.136
1289531820,279497.3,6130222.0,-3.135
1289531821,279497.3,6130222.0,-3.136
1289531822,279497.3,6130222.0,-3.136
1289531823,279497.3,6130222.0,-3.135
1289531824,279497.3,6130222.0,-3.136
1289531825,279497.3,6130222.0,-3.135
1289531826,279497.3,6130222.0,-3.135
1289531827,279497.3,6130222.0,-3.137
1289531828,279497.3,6130222.0,-3.136
1289531829,279497.3,6130222.0,-3.135
1289531830,279497.3,6130222.0,-3.136
1289531831,279497.3,6130222.0,-3.136
1289531832,279497.3,6130222.0,-3.136
1289531833,279497.3,6130222.0,-3.135
1289531834,279497.3,6130222.0,-3.135
1289531835,279497.3,6130222.0,-3.135
1289531836,279497.3,6130222.0,-3.136
1289531837,279497.3,6130222.0,-3.135
1289531838,279497.3,6130222.0,-3.137
1289531839,279497.3,6130222.0,-3.137
1289531840,279497.3,6130222.0,-3.136
1289531841,279497.3,6130222.0,-3.136
1289531842,279497.0,6130221.9,-2.500
1289531843,279496.5,6130221.5,-2.719
1289531844,279495.9,6130221.3,-2.822
1289531845,279495.4,6130221.2,-3.034
1289531846,279494.9,6130221.3,2.765
1289531847,279494.4,6130221.7,2.379
1289531848,279494.2,6130222.2,1.606
1289531849,279494.3,6130221.8,1.317
1289531850,279494.3,6130221.9,1.387
1289531851,279494.3,6130222.3,1.551
1289531852,279494.2,6130222.8,2.329
1289531853,279493.7,6130223.0,2.969
1289531854,279493.0,6130223.2,2.633
1289531855,279492.8,6130223.4,2.525
1289531856,279492.8,6130223.4,2.525
1289531857,279492.8,6130223.4,2.525
1289531858,279492.8,6130223.4,2.525
1289531859,279492.8,6130223.4,2.525
1289531860,279492.8,6130223.4,2.525
1289531861,279492.8,6130223.4,2.527
1289531862,279492.8,6130223.4,2.526
1289531863,279492.8,6130223.4,2.526
1289531864,279492.8,6130223.4,2.526
1289531865,279492.8,6130223.4,2.526
1289531866,279492.8,6130223.4,2.526
1289531867,279492.8,6130223.4,2.526
1289531868,279492.8,6130223.4,2.526
1289531869,279492.8,6130223.4,2.527
1289531870,279492.8,6130223.4,2.526
1289531871,279492.8,6130223.4,2.525
1289531872,279492.8,6130223.4,2.525
1289531873,279492.8,6130223.4,2.527
1289531874,279492.8,6130223.4,2.526
1289531875,279492.8,6130223.4,2.525
1289531876,279492.8,6130223.4,2.526
1289531877,279492.8,6130223.4,2.526
1289531878,279492.8,6130223.4,2.525
1289531879,279492.8,6130223.4,2.526
1289531880,279492.8,6130223.4,2.525
1289531881,279492.8,6130223.4,2.526
1289531882,279492.8,6130223.4,2.525
1289531883,279492.8,6130223.4,2.527
1289531884,279492.8,6130223.4,2.525
1289531885,279492.8,6130223.4,2.526
1289531886,279492.8,6130223.4,2.525
1289531887,279492.8,6130223.4,2.526
1289531888,279492.8,6130223.4,2.526
1289531889,279492.8,6130223.4,2.526
1289531890,279492.8,6130223.4,2.526
1289531891,279492.8,6130223.4,2.527
1289531892,279492.8,6130223.4,2.526
1289531893,279492.8,6130223.4,2.527
1289531894,279492.8,6130223.4,2.527
1289531895,279492.8,6130223.4,2.527
1289531896,279492.8,6130223.4,2.526
1289531897,279492.8,6130223.4,2.527
1289531898,279492.8,6130223.4,2.527
1289531899,279492.8,6130223.4,2.527
1289531900,279492.8,6130223.4,2.527
1289531901,279492.8,6130223.4,2.526
1289531902,279492.8,6130223.4,2.527
1289531903,279492.8,6130223.4,2.526
1289531904,279492.8,6130223.4,2.526
1289531905,279492.8,6130223.4,2.526
1289531906,279492.8,6130223.4,2.527
1289531907,279492.8,6130223.4,2.526
1289531908,279492.8,6130223.4,2.526
1289531909,279492.8,6130223.4,2.526
1289531910,279492.8,6130223.4,2.526
1289531911,279492.8,6130223.4,2.527
1289531912,279492.8,6130223.4,2.527
1289531913,279492.8,6130223.4,2.526
1289531914,279492.8,6130223.4,2.526
1289531915,279492.8,6130223.4,2.526
1289531916,279492.8,6130223.4,2.527
1289531917,279492.8,6130223.4,2.526
1289531918,279492.8,6130223.4,2.526
1289531919,279492.8,6130223.4,2.526
1289531920,279492.8,6130223.4,2.526
1289531921,279492.8,6130223.4,2.527
1289531922,279492.8,6130223.4,2.526
1289531923,279492.8,6130223.4,2.527
1289531924,279492.8,6130223.4,2.526
1289531925,279492.8,6130223.4,2.526
1289531926,279492.8,6130223.4,2.526
1289531927,279492.8,6130223.4,2.526
1289531928,279492.8,6130223.4,2.526
1289531929,279492.8,6130223.4,2.526
1289531930,279492.8,6130223.4,2.525
1289531931,279492.8,6130223.4,2.526
1289531932,279492.7,6130223.5,2.293
1289531933,279492.5,6130223.7,2.581
1289531934,279492.0,6130223.8,3.029
1289531935,279490.9,6130223.9,2.944
1289531936,279490.3,6130224.3,2.088
1289531937,279490.2,6130224.7,2.196
1289531938,279490.0,6130224.9,2.413
1289531939,279489.6,6130225.4,2.241
1289531940,279489.1,6130226.0,2.250
1289531941,279489.1,6130226.0,2.255
1289531942,279489.1,6130226.0,2.254
1289531943,279489.1,6130226.0,2.253
1289531944,279489.1,6130226.0,2.253
1289531945,279489.1,6130226.0,2.255
1289531946,279489.1,6130226.0,2.253
1289531947,279489.1,6130226.0,2.253
1289531948,279489.1,6130226.0,2.255
1289531949,279489.1,6130226.0,2.254
1289531950,279489.1,6130226.0,2.254
1289531951,279489.1,6130226.0,2.253
1289531952,279489.1,6130226.0,2.253
1289531953,279489.1,6130226.0,2.249
1289531954,279488.8,6130226.5,2.250
1289531955,279488.3,6130227.0,2.207
1289531956,279488.2,6130227.5,1.224
1289531957,279488.5,6130228.1,1.005
1289531958,279488.9,6130228.8,1.098
1289531959,279489.1,6130229.4,1.186
1289531960,279489.3,6130229.8,1.150
1289531961,279489.5,6130230.1,1.092
1289531962,279489.7,6130230.4,1.075
1289531963,279489.8,6130230.8,1.200
1289531964,279489.9,6130231.0,1.553
1289531965,279489.7,6130231.5,2.056
1289531966,279489.5,6130232.0,1.993
1289531967,279489.3,6130232.3,1.953
1289531968,279489.2,6130232.6,2.105
1289531969,279489.2,6130232.6,2.104
1289531970,279489.2,6130232.8,1.309
1289531971,279489.2,6130233.0,1.511
1289531972,279489.2,6130232.6,1.578
1289531973,279489.2,6130232.6,1.587
1289531974,279489.2,6130232.7,1.326
1289531975,279489.4,6130233.2,1.235
1289531976,279489.5,6130233.8,1.526
1289531977,279489.5,6130234.2,1.648
1289531978,279489.4,6130234.6,2.167
1289531979,279489.0,6130234.7,-2.760
1289531980,279488.3,6130234.3,-2.752
1289531981,279487.8,6130233.9,-1.989
1289531982,279487.8,6130233.6,-1.571
1289531983,279487.8,6130233.6,-1.575
1289531984,279487.8,6130233.6,-1.575
1289531985,279487.8,6130233.6,-1.574
1289531986,279487.8,6130233.6,-1.575
1289531987,279487.8,6130233.5,-1.287
1289531988,279487.7,6130233.9,-1.282
1289531989,279487.7,6130233.8,-1.321
1289531990,279487.8,6130233.3,-1.409
1289531991,279487.9,6130232.3,-1.491
1289531992,279487.9,6130231.5,-1.836
1289531993,279487.6,6130231.0,-2.192
1289531994,279487.5,6130230.8,-2.305
1289531995,279487.5,6130230.8,-2.373
1289531996,279487.0,6130230.7,-3.115
1289531997,279486.5,6130230.7,3.107
1289531998,279486.2,6130230.7,2.874
1289531999,279485.8,6130230.9,2.584
1289532000,279485.4,6130231.3,1.768
1289532001,279485.4,6130231.8,1.607
1289532002,279485.5,6130232.4,1.267
1289532003,279485.7,6130233.0,0.862
1289532004,279486.3,6130233.5,0.770
1289532005,279486.7,6130233.9,0.847
1289532006,279487.0,6130234.4,0.841
1289532007,279487.3,6130234.6,0.669
1289532008,279487.6,6130234.8,0.234
1289532009,279488.2,6130234.8,0.126
1289532010,279489.0,6130234.9,0.040
1289532011,279489.4,6130234.9,-0.021
1289532012,279489.9,6130234.9,0.033
1289532013,279490.3,6130234.9,0.081
1289532014,279490.7,6130235.0,0.067
1289532015,279490.9,6130235.0,0.041
1289532016,279491.0,6130235.0,0.053
1289532017,279491.0,6130235.0,0.276
1289532018,279491.4,6130235.1,0.234
1289532019,279492.0,6130235.2,0.017
1289532020,279492.6,6130235.2,-0.090
1289532021,279492.6,6130235.2,-0.086
1289532022,279492.6,6130235.2,-0.087
1289532023,279492.6,6130235.2,-0.088
1289532024,279492.6,6130235.2,-0.086
1289532025,279492.6,6130235.2,-0.087
1289532026,279492.6,6130235.2,-0.087
1289532027,279492.6,6130235.2,-0.086
1289532028,279492.6,6130235.2,-0.087
1289532029,279492.6,6130235.2,-0.086
1289532030,279492.6,6130235.2,-0.086
1289532031,279492.6,6130235.2,-0.086
1289532032,279492.6,6130235.2,-0.087
1289532033,279492.6,6130235.2,-0.086
1289532034,279492.6,6130235.2,-0.087
1289532035,279492.6,6130235.2,-0.087
1289532036,279492.6,6130235.2,-0.087
1289532037,279492.6,6130235.2,-0.086
1289532038,279492.6,6130235.2,-0.085
1289532039,279492.6,6130235.2,-0.086
1289532040,279492.6,6130235.2,-0.086
1289532041,279492.6,6130235.2,-0.087
1289532042,279492.6,6130235.2,-0.087
1289532043,279492.6,6130235.2,-0.087
1289532044,279492.6,6130235.2,-0.086
1289532045,279492.6,6130235.2,-0.086
1289532046,279492.3,6130235.2,-0.086
1289532047,279492.2,6130235.2,-0.085
1289532048,279492.4,6130235.4,0.528
1289532049,279492.8,6130235.6,0.479
1289532050,279493.2,6130235.8,0.599
1289532051,279493.4,6130236.0,0.793
1289532052,279493.8,6130236.6,0.872
1289532053,279494.5,6130237.3,0.777
1289532054,279495.2,6130237.9,0.677
1289532055,279496.1,6130238.7,0.711
1289532056,279496.7,6130239.3,0.918
1289532057,279497.1,6130239.9,0.857
1289532058,279497.1,6130239.9,0.860
1289532059,279497.1,6130239.9,0.859
1289532060,279497.1,6130239.9,0.859
1289532061,279497.1,6130239.9,0.859
1289532062,279497.1,6130239.9,0.858
1289532063,279497.1,6130239.9,0.859
1289532064,279497.1,6130239.9,0.858
1289532065,279497.1,6130239.9,0.858
1289532066,279497.1,6130239.9,0.858
1289532067,279497.1,6130239.9,0.859
1289532068,279497.1,6130239.9,0.858
1289532069,279497.1,6130239.9,0.859
1289532070,279497.1,6130239.9,0.858
1289532071,279497.1,6130239.9,0.858
1289532072,279497.1,6130239.9,0.859
1289532073,279497.1,6130239.9,0.859
1289532074,279497.1,6130239.9,0.858
1289532075,279497.1,6130239.9,0.859
1289532076,279497.1,6130239.9,0.858
1289532077,279497.1,6130239.9,0.859
1289532078,279497.1,6130239.9,0.860
1289532079,279497.1,6130239.9,0.859
1289532080,279497.1,6130239.9,0.859
1289532081,279497.1,6130239.9,0.859
1289532082,279497.1,6130239.9,0.858
1289532083,279497.1,6130239.9,0.852
1289532084,279497.5,6130240.4,0.769
1289532085,279498.0,6130240.8,0.728
1289532086,279498.1,6130240.9,0.376
1289532087,279498.1,6130240.9,0.376
1289532088,279498.1,6130240.9,0.425
1289532089,279498.0,6130241.0,2.295
1289532090,279497.5,6130241.0,-2.623
1289532091,279497.1,6130240.7,-2.913
1289532092,279496.9,6130240.7,-2.847
1289532093,279495.9,6130240.4,-2.942
1289532094,279495.0,6130240.3,3.101
1289532095,279494.1,6130240.4,2.905
1289532096,279493.2,6130240.5,3.124
1289532097,279493.0,6130240.5,-3.019
1289532098,279492.1,6130240.3,-3.056
1289532099,279491.2,6130240.3,3.035
1289532100,279490.2,6130240.5,3.006
1289532101,279489.3,6130240.5,-3.099
1289532102,279488.4,6130240.3,-2.967
1289532103,279488.0,6130240.3,-3.118
1289532104,279487.1,6130240.3,3.096
1289532105,279485.9,6130240.3,3.104
1289532106,279484.9,6130240.3,-3.124
1289532107,279483.9,6130240.2,-3.046
1289532108,279483.5,6130240.2,-2.902
1289532109,279483.1,6130239.8,-2.615
1289532110,279482.3,6130239.7,2.990
1289532111,279481.6,6130239.9,3.057
1289532112,279480.7,6130239.8,-3.066
1289532113,279479.9,6130239.7,-3.045
1289532114,279479.8,6130239.7,-3.092
1289532115,279479.2,6130239.7,3.109
1289532116,279478.5,6130239.7,3.070
1289532117,279477.9,6130239.9,2.799
1289532118,279477.1,6130240.3,2.629
1289532119,279476.9,6130240.3,2.623
1289532120,279476.0,6130240.8,2.677
1289532121,279475.1,6130241.2,2.747
1289532122,279474.0,6130241.7,2.738
1289532123,279473.0,6130242.1,2.682
1289532124,279472.3,6130242.4,2.536
1289532125,279471.9,6130242.7,2.616
1289532126,279471.1,6130243.1,2.727
1289532127,279470.2,6130243.3,2.990
1289532128,279469.5,6130243.3,-2.814
1289532129,279469.3,6130243.2,-2.670
1289532130,279469.0,6130243.3,2.948
1289532131,279468.7,6130243.6,2.160
1289532132,279468.1,6130244.4,2.157
1289532133,279467.6,6130245.2,2.066
1289532134,279467.2,6130245.8,2.259
1289532135,279467.1,6130246.0,1.682
1289532136,279467.3,6130246.3,0.245
1289532137,279467.5,6130246.1,-1.224
1289532138,279467.7,6130245.6,-1.032
1289532139,279468.2,6130245.1,-0.637
1289532140,279468.2,6130245.1,0.633
1289532141,279468.1,6130245.4,2.108
1289532142,279467.7,6130245.6,2.458
1289532143,279467.5,6130246.1,1.682
1289532144,279467.4,6130246.5,1.967
1289532145,279467.1,6130246.6,2.752
1289532146,279466.6,6130246.9,2.729
1289532147,279466.1,6130247.0,2.999
1289532148,279465.4,6130247.0,-2.857
1289532149,279464.9,6130246.6,-1.819
1289532150,279464.8,6130246.3,-1.801
1289532151,279464.8,6130246.2,-1.961
1289532152,279464.7,6130246.0,-2.034
1289532153,279464.7,6130246.1,-2.029
1289532154,279464.8,6130246.1,-2.031
1289532155,279464.7,6130246.1,-2.641
1289532156,279464.4,6130246.3,2.069
1289532157,279464.5,6130246.7,0.674
1289532158,279465.0,6130246.8,0.159
1289532159,279465.2,6130246.8,0.751
1289532160,279465.1,6130246.8,2.725
1289532161,279464.6,6130246.6,-2.657
1289532162,279463.9,6130246.6,2.935
1289532163,279463.1,6130246.7,-2.973
1289532164,279462.7,6130246.5,-2.544
1289532165,279462.7,6130246.5,-0.616
1289532166,279463.1,6130246.6,0.651
1289532167,279463.5,6130246.8,0.022
1289532168,279464.3,6130246.7,-0.128
1289532169,279464.9,6130246.7,0.059
1289532170,279464.9,6130246.7,1.251
1289532171,279464.7,6130246.7,-3.122
1289532172,279463.9,6130246.6,-3.055
1289532173,279463.1,6130246.7,2.992
1289532174,279462.6,6130246.7,3.104
1289532175,279462.0,6130246.7,-3.005
1289532176,279461.3,6130246.5,-2.813
1289532177,279460.9,6130246.3,-2.691
1289532178,279460.6,6130246.1,-2.571
1289532179,279460.3,6130245.8,-2.377
1289532180,279460.0,6130245.5,-2.141
1289532181,279460.0,6130245.5,-2.146
1289532182,279460.0,6130245.5,-2.071
1289532183,279460.1,6130245.5,-1.457
1289532184,279460.1,6130245.5,-0.845
1289532185,279460.1,6130245.1,-1.974
1289532186,279459.6,6130244.7,-2.502
1289532187,279458.8,6130244.1,-2.445
1289532188,279458.1,6130243.6,-2.628
1289532189,279457.6,6130243.3,-2.775
1289532190,279457.2,6130243.1,-2.719
1289532191,279456.7,6130242.7,-2.239
1289532192,279456.6,6130242.4,-2.178
1289532193,279456.6,6130242.4,-2.176
1289532194,279456.6,6130242.4,-2.169
1289532195,279456.3,6130242.4,2.669
1289532196,279455.8,6130242.7,2.858
1289532197,279455.6,6130242.7,2.948
1289532198,279455.6,6130242.7,2.949
1289532199,279455.6,6130242.7,3.134
1289532200,279455.6,6130242.6,-2.927
1289532201,279454.7,6130242.6,3.125
1289532202,279453.7,6130242.6,-2.857
1289532203,279453.5,6130242.5,-2.614
1289532204,279453.5,6130242.5,-2.615
1289532205,279453.5,6130242.5,-2.446
1289532206,279453.5,6130242.5,-1.659
1289532207,279453.6,6130242.5,-0.644
1289532208,279453.6,6130242.5,0.323
1289532209,279453.6,6130242.5,0.919
1289532210,279453.4,6130242.5,2.836
1289532211,279453.0,6130242.3,-2.499
1289532212,279452.4,6130242.3,2.856
1289532213,279452.1,6130242.3,2.867
1289532214,279451.5,6130242.3,-2.987
1289532215,279450.5,6130242.1,-3.055
1289532216,279449.7,6130242.2,2.860
1289532217,279449.7,6130242.2,2.825
1289532218,279449.6,6130242.1,-2.927
1289532219,279448.9,6130242.0,-3.051
1289532220,279448.1,6130242.0,2.611
1289532224,279448.0,6130242.1,3.043
1289532225,279447.9,6130242.1,-2.964
1289532226,279447.2,6130242.2,-3.140
1289532227,279446.3,6130242.1,-3.038
1289532228,279445.5,6130242.1,2.634
1289532229,279445.3,6130242.2,2.842
1289532230,279445.0,6130242.1,-2.528
1289532231,279445.0,6130242.1,-2.528
1289532232,279445.0,6130242.1,-2.501
1289532233,279445.0,6130242.1,-1.996
1289532234,279444.9,6130242.1,-1.875
1289532235,279444.6,6130241.9,2.933
1289532236,279443.9,6130242.0,-3.052
1289532237,279443.8,6130242.0,-2.998
1289532238,279443.8,6130242.0,-3.003
1289532239,279443.8,6130242.0,-2.852
1289532240,279443.9,6130241.7,-1.273
1289532241,279443.9,6130241.6,-0.991
1289532242,279443.8,6130241.6,-1.659
1289532243,279443.8,6130241.6,-1.769
1289532244,279443.8,6130241.6,-1.768
1289532245,279443.8,6130241.6,-1.767
1289532246,279443.8,6130241.6,-1.767
1289532247,279443.8,6130241.6,-1.768
1289532248,279443.8,6130241.6,-1.768
1289532249,279443.8,6130241.6,-1.767
1289532250,279443.8,6130241.6,-1.767
1289532251,279443.8,6130241.6,-1.768
1289532252,279443.8,6130241.6,-1.768
1289532253,279443.9,6130241.6,-1.771
1289532254,279443.9,6130241.6,-1.769
1289532255,279443.9,6130241.6,-1.771
1289532256,279443.9,6130241.6,-1.769
1289532257,279443.9,6130241.6,-1.772
1289532258,279443.9,6130241.6,-1.771
1289532259,279443.9,6130241.6,-1.770
1289532260,279443.9,6130241.6,-1.769
1289532261,279443.9,6130241.6,-1.770
1289532262,279443.8,6130241.6,-1.960
1289532263,279443.5,6130241.4,2.785
1289532264,279443.0,6130241.7,3.006
1289532265,279442.3,6130241.6,-2.810
1289532266,279441.9,6130241.6,3.090
1289532267,279441.3,6130241.7,3.043
1289532268,279440.8,6130241.8,2.930
1289532269,279440.5,6130241.9,2.462
1289532270,279440.2,6130242.3,1.829
1289532271,279440.1,6130242.6,1.766
1289532272,279440.1,6130242.8,1.563
1289532273,279440.1,6130243.0,1.276
1289532274,279440.1,6130243.0,1.274
1289532275,279440.1,6130243.0,1.337
1289532276,279440.1,6130243.0,1.951
1289532277,279440.1,6130242.9,2.567
1289532278,279439.9,6130243.1,2.571
1289532279,279439.7,6130243.3,0.912
1289532280,279439.8,6130243.4,1.035
1289532281,279439.8,6130243.5,0.665
1289532282,279439.8,6130243.5,1.161
1289532283,279439.8,6130243.5,1.144
1289532284,279439.8,6130243.5,1.148
1289532285,279439.9,6130243.4,-0.532
1289532286,279439.9,6130243.0,-1.250
1289532287,279440.4,6130242.4,-0.769
1289532288,279440.6,6130242.1,-0.647
1289532289,279441.3,6130241.6,-0.636
1289532290,279442.0,6130241.2,-0.479
1289532291,279442.9,6130240.9,-0.248
1289532292,279443.5,6130240.7,-0.206
1289532293,279443.8,6130240.7,0.260
1289532294,279444.3,6130241.1,0.742
1289532295,279444.9,6130241.3,0.092
1289532296,279445.8,6130241.3,-0.092
1289532297,279446.8,6130241.2,-0.016
1289532298,279447.5,6130241.2,-0.134
1289532299,279447.8,6130240.9,-1.476
1289532300,279447.5,6130240.4,-2.141
1289532301,279447.5,6130239.9,-0.875
1289532302,279447.5,6130239.9,-0.822
1289532303,279447.5,6130239.9,-0.823
1289532304,279447.5,6130239.9,-0.823
1289532305,279447.5,6130239.9,-0.818
1289532306,279447.6,6130239.9,-0.484
1289532307,279447.6,6130240.0,0.436
1289532308,279447.5,6130240.0,1.319
1289532309,279447.7,6130239.9,-0.325
1289532310,279448.0,6130239.5,-1.077
1289532311,279448.4,6130239.3,-0.316
1289532312,279449.1,6130239.1,-0.326
1289532313,279449.6,6130238.8,-0.485
1289532314,279449.6,6130238.8,-0.517
1289532315,279449.6,6130238.8,-0.519
1289532316,279449.6,6130238.9,0.600
1289532317,279449.5,6130239.1,2.527
1289532318,279448.8,6130239.3,2.471
1289532319,279448.3,6130239.9,2.124
1289532320,279447.8,6130240.5,2.343
1289532321,279447.3,6130240.9,2.483
1289532322,279446.8,6130241.2,2.410
1289532323,279446.9,6130241.2,1.243
1289532324,279447.2,6130241.2,-0.208
1289532325,279447.5,6130240.9,-1.340
1289532326,279447.4,6130240.4,-1.805
1289532327,279447.1,6130240.0,-2.408
1289532328,279446.8,6130239.5,-1.774
1289532329,279446.9,6130238.8,-1.500
1289532330,279447.0,6130237.7,-1.546
1289532331,279447.0,6130236.6,-1.601
1289532332,279447.0,6130235.4,-1.553
1289532333,279447.2,6130234.8,-0.627
1289532334,279447.6,6130234.8,0.647
1289532335,279447.9,6130235.1,0.586
1289532336,279448.0,6130235.2,0.549
1289532337,279447.9,6130235.0,1.439
1289532338,279447.8,6130235.1,2.187
1289532339,279447.4,6130235.6,2.273
1289532340,279447.1,6130236.0,2.234
1289532341,279446.9,6130236.2,2.171
1289532342,279446.9,6130236.3,1.944
1289532343,279446.9,6130237.0,1.295
1289532344,279447.2,6130237.3,0.061
1289532345,279447.4,6130237.2,-0.936
1289532346,279447.2,6130237.0,-2.158
1289532348,279447.2,6130237.0,-2.135
1289532348,279447.2,6130236.9,-2.516
1289532349,279446.9,6130237.0,1.821
1289532350,279446.9,6130237.6,1.950
1289532351,279446.4,6130238.1,2.478
1289532352,279445.6,6130238.8,2.331
1289532353,279445.3,6130239.1,2.180
1289532354,279444.9,6130239.6,2.377
1289532355,279444.2,6130240.1,2.509
1289532356,279443.5,6130240.3,3.068
1289532357,279442.8,6130240.1,-2.829
1289532358,279442.5,6130240.1,-3.092
1289532359,279441.9,6130240.1,3.061
1289532360,279440.9,6130240.1,-3.115
1289532361,279440.5,6130240.1,-3.018
1289532362,279440.2,6130240.1,-3.022
1289532363,279440.1,6130240.1,-3.031
1289532364,279440.1,6130240.0,-3.060
1289532365,279439.4,6130240.0,3.110
1289532366,279438.8,6130239.9,-2.855
1289532367,279438.4,6130239.7,-1.862
1289532368,279438.6,6130239.1,-0.889
1289532369,279438.9,6130238.8,-0.766
1289532370,279439.3,6130238.4,-0.710
1289532371,279439.3,6130238.4,-0.695
1289532372,279439.3,6130238.4,-0.696
1289532373,279439.3,6130238.4,-0.362
1289532374,279439.3,6130238.5,0.942
1289532375,279439.3,6130238.6,1.388
1289532376,279439.3,6130238.6,1.388
1289532377,279439.4,6130238.6,1.511
1289532378,279439.3,6130238.6,2.279
1289532379,279439.2,6130238.6,2.688
1289532380,279438.8,6130239.0,2.338
1289532381,279438.4,6130239.5,2.430
1289532382,279438.0,6130239.8,2.457
1289532383,279437.7,6130240.1,2.413
1289532384,279437.5,6130240.3,2.037
1289532385,279437.4,6130240.4,1.914
1289532386,279437.3,6130240.5,3.086
1289532387,279437.3,6130240.5,-1.795
1289532388,279437.3,6130240.5,-2.249
1289532389,279437.3,6130240.5,-2.117
1289532390,279437.4,6130240.4,-0.883
1289532391,279437.5,6130240.2,-0.755
1289532392,279437.8,6130239.9,-0.826
1289532393,279438.0,6130239.5,-1.835
1289532394,279437.6,6130239.3,3.121
1289532395,279437.6,6130239.2,-2.460
1289532396,279437.4,6130239.2,2.922
1289532397,279437.4,6130239.1,-2.084
1289532398,279437.6,6130238.8,-1.020
1289532399,279437.6,6130238.1,-1.876
1289532400,279437.2,6130237.6,-2.114
1289532401,279437.0,6130237.2,-1.969
1289532402,279436.8,6130236.6,-2.380
1289532403,279436.3,6130236.6,2.340
1289532404,279436.4,6130236.9,1.505
1289532405,279436.3,6130237.0,2.003
1289532406,279436.3,6130237.0,1.994
1289532407,279436.3,6130237.0,1.994
1289532408,279436.3,6130237.0,2.382
1289532409,279436.3,6130237.0,-2.966
1289532410,279436.3,6130237.0,-1.997
1289532411,279436.3,6130236.9,-1.019
1289532412,279436.3,6130237.0,-0.038
1289532413,279436.3,6130237.0,0.466
1289532414,279436.7,6130236.9,-1.056
1289532415,279437.1,6130236.0,-1.046
1289532416,279437.6,6130235.4,-1.053
1289532417,279438.0,6130234.6,-1.093
1289532418,279438.6,6130233.5,-1.020
1289532419,279438.8,6130233.2,-0.734
1289532420,279438.8,6130233.2,-0.728
1289532421,279438.8,6130233.2,-0.657
1289532422,279439.0,6130233.0,-0.705
1289532423,279439.4,6130232.7,-0.605
1289532424,279439.9,6130232.5,-0.247
1289532425,279440.3,6130232.5,0.081
1289532426,279440.3,6130232.5,0.080
1289532427,279440.4,6130232.6,0.459
1289532428,279440.6,6130232.6,0.564
1289532429,279440.5,6130232.7,2.504
1289532430,279439.8,6130232.8,2.829
1289532431,279439.8,6130232.8,2.780
1289532432,279439.8,6130232.8,2.849
1289532433,279439.8,6130232.8,-1.424
1289532434,279440.1,6130232.6,-0.156
1289532435,279440.7,6130232.2,-0.712
1289532436,279441.2,6130231.6,-1.052
1289532437,279441.6,6130231.0,-0.994
1289532438,279441.6,6130230.5,-2.169
1289532439,279441.1,6130230.3,-2.892
1289532440,279440.7,6130230.0,-2.142
1289532441,279440.4,6130229.5,-2.196
1289532442,279440.3,6130229.3,-1.840
1289532443,279440.5,6130229.0,-0.694
1289532444,279440.9,6130229.0,0.528
1289532445,279441.2,6130229.6,0.815
1289532446,279441.5,6130229.7,0.080
1289532447,279441.5,6130229.7,0.080
1289532448,279441.4,6130229.6,-1.186
1289532449,279441.5,6130229.1,-2.046
1289532450,279441.1,6130229.0,2.889
1289532451,279440.7,6130228.9,-2.504
1289532452,279440.5,6130228.6,-1.855
1289532453,279440.5,6130228.6,-1.576
1289532454,279440.8,6130228.3,-0.241
1289532455,279441.5,6130228.5,-0.070
1289532456,279442.1,6130228.2,-0.728
1289532457,279442.5,6130227.7,-0.469
1289532458,279442.7,6130227.6,-0.577
1289532459,279442.7,6130227.6,-0.540
1289532460,279442.7,6130227.6,-0.101
1289532461,279442.6,6130227.6,0.367
1289532462,279442.7,6130227.7,0.363
1289532463,279442.6,6130227.7,0.363
1289532464,279442.6,6130227.7,0.364
1289532465,279442.6,6130227.7,0.363
1289532466,279442.6,6130227.7,0.362
1289532467,279442.6,6130227.7,0.362
1289532468,279442.6,6130227.7,0.363
1289532469,279442.7,6130227.6,0.365
1289532470,279442.6,6130227.7,0.363
1289532471,279442.6,6130227.7,0.362
1289532472,279442.6,6130227.7,0.363
1289532473,279442.7,6130227.6,0.365
1289532474,279442.6,6130227.7,0.363
1289532475,279442.6,6130227.7,0.364
1289532476,279442.6,6130227.7,0.364
1289532477,279442.6,6130227.7,0.363
1289532478,279442.6,6130227.7,0.362
1289532479,279442.7,6130227.6,0.366
1289532480,279442.7,6130227.6,0.365
1289532481,279442.7,6130227.6,0.364
1289532482,279442.7,6130227.6,0.365
1289532483,279442.7,6130227.6,0.367
1289532484,279442.6,6130227.7,0.363
1289532485,279442.6,6130227.7,0.362
1289532486,279442.6,6130227.7,0.363
1289532487,279442.6,6130227.7,0.362
1289532488,279442.6,6130227.7,0.363
1289532489,279442.6,6130227.7,0.363
1289532490,279442.6,6130227.7,0.363
1289532491,279442.6,6130227.7,0.364
1289532492,279442.6,6130227.7,0.363
1289532493,279442.6,6130227.7,0.362
1289532494,279442.6,6130227.7,0.362
1289532495,279442.6,6130227.7,0.363
1289532496,279442.6,6130227.7,0.363
1289532497,279442.6,6130227.7,0.363
1289532498,279442.7,6130227.6,0.365
1289532499,279442.7,6130227.6,0.365
1289532500,279442.6,6130227.7,0.362
1289532501,279442.7,6130227.6,0.365
1289532502,279442.7,6130227.6,0.366
1289532503,279442.7,6130227.6,0.368
1289532504,279442.7,6130227.6,0.366
1289532505,279442.7,6130227.6,0.365
1289532506,279442.7,6130227.6,0.365
1289532507,279442.7,6130227.6,0.366
1289532508,279442.7,6130227.6,0.366
1289532509,279442.7,6130227.6,0.363
1289532510,279442.7,6130227.6,0.365
1289532511,279442.7,6130227.6,0.364
1289532512,279442.7,6130227.6,0.365
1289532513,279442.7,6130227.6,0.364
1289532514,279442.7,6130227.6,0.365
1289532515,279442.7,6130227.6,-0.695
1289532516,279442.9,6130227.2,-1.695
1289532517,279442.7,6130227.0,-2.472
1289532518,279442.2,6130226.5,-2.275
1289532519,279441.7,6130225.9,-2.207
1289532520,279441.4,6130225.6,-2.290
1289532521,279441.4,6130225.6,-2.290
1289532522,279441.4,6130225.6,-2.273
1289532523,279441.4,6130225.6,-2.051
1289532524,279441.2,6130225.0,-2.048
1289532525,279440.8,6130224.4,-2.016
1289532526,279440.6,6130223.7,-1.963
1289532527,279440.4,6130223.0,-1.594
1289532528,279440.5,6130222.2,-1.293
1289532529,279440.5,6130222.2,-1.295
1289532530,279440.5,6130222.2,-1.296
1289532531,279440.5,6130222.3,-1.072
1289532532,279440.5,6130222.3,-0.845
1289532533,279440.6,6130222.5,1.081
1289532534,279440.5,6130223.2,1.507
1289532535,279440.8,6130223.9,0.914
1289532536,279441.3,6130224.5,0.960
1289532537,279441.7,6130225.3,1.168
1289532538,279442.0,6130226.1,1.306
1289532539,279442.0,6130226.3,1.347
1289532540,279442.0,6130226.3,1.346
1289532541,279442.0,6130226.3,1.348
1289532542,279442.0,6130226.3,1.347
1289532543,279442.0,6130226.3,1.348
1289532544,279442.0,6130226.3,1.348
1289532545,279442.0,6130226.3,1.349
1289532546,279442.0,6130226.3,1.349
1289532547,279442.0,6130226.3,1.348
1289532548,279442.0,6130226.3,1.348
1289532549,279442.0,6130226.3,1.349
1289532550,279442.0,6130226.3,1.350
1289532551,279442.0,6130226.3,1.349
1289532552,279442.0,6130226.3,1.349
1289532553,279442.0,6130226.3,1.349
1289532554,279442.0,6130226.3,1.349
1289532555,279442.0,6130226.3,1.348
1289532556,279442.1,6130226.3,1.349
1289532557,279442.1,6130226.3,1.349
1289532558,279442.1,6130226.3,1.349
1289532559,279442.0,6130226.3,1.347
1289532560,279442.0,6130226.4,1.344
1289532561,279442.1,6130226.3,1.349
1289532562,279442.1,6130226.3,1.349
1289532563,279442.1,6130226.3,1.348
1289532564,279442.1,6130226.3,1.349
1289532565,279442.1,6130226.3,1.348
1289532566,279442.1,6130226.3,1.348
1289532567,279442.1,6130226.3,1.348
1289532568,279442.1,6130226.3,1.348
1289532569,279442.1,6130226.3,1.349
1289532570,279442.1,6130226.3,1.347
1289532571,279442.1,6130226.3,1.351
1289532572,279442.1,6130226.3,1.349
1289532573,279442.1,6130226.3,1.347
1289532574,279442.1,6130226.3,1.348
1289532575,279442.1,6130226.3,1.349
1289532576,279442.1,6130226.3,1.347
1289532577,279442.1,6130226.3,1.350
1289532578,279442.1,6130226.3,1.348
1289532579,279442.1,6130226.3,1.348
1289532580,279442.1,6130226.3,1.350
1289532581,279442.1,6130226.3,1.349
1289532582,279442.1,6130226.3,1.349
1289532583,279442.1,6130226.3,1.348
1289532584,279442.1,6130226.3,1.349
1289532585,279442.1,6130226.3,1.350
1289532586,279442.1,6130226.3,1.349
1289532586,279442.1,6130226.3,1.349
1289532588,279442.1,6130226.3,1.349
1289532589,279442.1,6130226.3,1.349
1289532590,279442.1,6130226.3,1.349
1289532591,279442.1,6130226.3,1.352
1289532591,279442.1,6130226.3,1.352
1289532593,279442.1,6130226.3,1.352
1289532593,279442.1,6130226.3,1.349
1289532595,279442.1,6130226.3,1.357
1289532595,279442.1,6130226.3,1.349
1289532596,279442.1,6130226.3,1.348
1289532597,279442.1,6130226.3,1.347
1289532598,279442.0,6130226.4,1.346
1289532599,279442.0,6130226.4,1.344
1289532600,279442.1,6130226.3,1.346
1289532601,279442.1,6130226.3,1.346
1289532602,279442.1,6130226.3,1.347
1289532603,279442.1,6130226.3,1.347
1289532604,279442.1,6130226.3,1.345
1289532605,279442.1,6130226.3,1.349
1289532606,279442.1,6130226.5,1.328
1289532607,279442.1,6130226.6,1.291
1289532608,279442.1,6130226.6,1.291
1289532609,279442.2,6130226.7,1.135
1289532610,279442.6,6130227.4,1.067
1289532611,279442.9,6130227.4,-0.212
1289532612,279443.1,6130227.3,-1.140
1289532613,279443.1,6130227.3,-0.624
1289532614,279443.7,6130227.0,-0.417
1289532615,279443.7,6130227.0,-0.442
1289532616,279443.7,6130227.0,-0.441
1289532617,279443.7,6130227.0,-0.209
1289532618,279443.7,6130227.0,0.200
1289532619,279443.8,6130227.0,-1.248
1289532620,279443.5,6130226.9,-2.998
1289532621,279443.0,6130226.6,-2.238
1289532622,279442.6,6130225.9,-2.083
1289532623,279442.2,6130225.0,-1.952
1289532624,279442.1,6130224.8,-1.695
1289532625,279442.0,6130225.0,2.742
1289532626,279442.0,6130225.4,1.329
1289532627,279442.3,6130226.2,1.149
1289532628,279442.6,6130227.1,1.299
1289532629,279442.7,6130227.3,1.378
1289532630,279442.7,6130227.3,2.367
1289532631,279442.6,6130227.2,-1.874
1289532632,279442.4,6130226.4,-1.829
1289532633,279442.1,6130225.8,-2.204
1289532634,279441.7,6130225.3,-2.099
1289532635,279441.6,6130225.1,-1.969
1289532636,279441.3,6130224.2,-1.932
1289532637,279441.0,6130223.4,-1.747
1289532638,279441.1,6130222.6,-1.424
1289532639,279441.3,6130221.9,-1.447
1289532640,279441.2,6130221.7,-2.343
1289532641,279440.7,6130221.6,-3.102
1289532642,279440.2,6130221.3,-2.351
1289532643,279439.7,6130220.8,-2.575
1289532644,279439.1,6130220.5,-2.784
1289532645,279438.7,6130220.4,-2.699
1289532646,279438.5,6130220.2,-2.373
1289532647,279438.3,6130219.9,-1.942
1289532648,279438.2,6130219.2,-1.602
1289532649,279438.2,6130219.1,-1.539
1289532650,279438.2,6130219.0,-1.496
1289532651,279438.3,6130218.5,-1.436
1289532652,279438.2,6130218.2,-2.294
1289532653,279437.9,6130218.1,2.939
1289532654,279437.6,6130218.0,-3.050
1289532655,279437.3,6130218.1,-3.059
1289532656,279437.3,6130218.1,-3.053
1289532657,279436.6,6130218.0,-3.123
1289532658,279435.4,6130218.0,-2.998
1289532659,279435.0,6130217.7,-1.953
1289532660,279435.1,6130217.3,-1.193
1289532661,279435.1,6130217.3,-0.897
1289532662,279435.4,6130217.2,0.732
1289532663,279435.7,6130217.5,0.237
1289532664,279436.6,6130217.5,-0.116
1289532665,279437.6,6130217.4,0.067
1289532666,279438.5,6130217.5,-0.215
1289532667,279439.0,6130217.4,-0.448
1289532668,279440.0,6130216.9,-0.540
1289532669,279440.9,6130216.4,-0.806
1289532670,279441.1,6130216.0,-1.077
1289532671,279441.4,6130215.3,-1.553
1289532672,279441.2,6130214.7,-2.314
1289532673,279440.8,6130214.1,-1.674
1289532674,279440.7,6130213.9,-1.496
1289532675,279440.7,6130213.9,-1.496
1289532676,279440.7,6130213.9,-1.496
1289532677,279440.7,6130213.9,-1.497
1289532678,279440.7,6130213.9,-1.479
1289532679,279440.7,6130213.9,-1.479
1289532680,279440.7,6130213.9,-0.000
1289532681,279440.8,6130214.4,1.546
1289532682,279441.0,6130215.1,1.140
1289532683,279441.2,6130215.8,1.559
1289532684,279440.9,6130216.6,2.120
1289532685,279440.3,6130217.4,2.176
1289532686,279439.8,6130218.3,2.024
1289532687,279439.3,6130219.3,2.158
1289532688,279438.7,6130219.9,2.539
1289532689,279437.9,6130220.4,2.361
1289532690,279437.3,6130220.9,2.612
1289532691,279436.5,6130221.0,-3.087
1289532692,279435.8,6130220.7,-2.553
1289532693,279435.1,6130220.1,-2.330
1289532694,279434.3,6130219.3,-2.259
1289532695,279434.2,6130219.1,-2.056
1289532696,279434.2,6130219.1,-2.056
1289532697,279434.2,6130219.1,-2.055
1289532698,279434.2,6130219.1,-2.056
1289532699,279434.2,6130219.1,-2.056
1289532700,279434.2,6130219.1,-2.055
1289532701,279434.2,6130219.1,-1.826
1289532702,279434.2,6130219.1,-0.976
1289532703,279434.3,6130219.1,0.028
1289532704,279434.3,6130219.1,0.201
1289532705,279434.3,6130219.1,0.201
1289532706,279434.3,6130219.1,0.202
1289532707,279434.3,6130219.1,0.201
1289532708,279434.3,6130219.1,0.200
1289532709,279434.3,6130219.1,0.202
1289532710,279434.3,6130219.1,0.204
1289532711,279434.4,6130219.1,-0.379
1289532712,279434.6,6130218.9,-0.869
1289532713,279434.9,6130218.7,-0.458
1289532714,279435.9,6130218.3,-0.372
1289532715,279437.0,6130217.9,-0.496
1289532716,279437.7,6130217.5,-0.461
1289532717,279438.7,6130217.1,-0.387
1289532718,279439.9,6130216.6,-0.418
1289532719,279440.4,6130216.3,-0.279
1289532720,279440.4,6130216.4,0.344
1289532721,279440.4,6130216.6,1.279
1289532722,279440.4,6130216.6,1.853
1289532723,279440.4,6130216.6,1.849
1289532724,279440.4,6130216.6,1.850
1289532725,279440.4,6130216.6,1.850
1289532726,279440.4,6130216.6,1.850
1289532727,279440.4,6130216.6,1.850
1289532728,279440.0,6130217.0,2.170
1289532729,279439.6,6130217.8,1.960
1289532730,279439.2,6130218.8,2.038
1289532731,279438.7,6130219.6,2.202
1289532732,279438.2,6130220.4,2.070
1289532733,279437.9,6130221.0,2.031
1289532734,279437.5,6130221.5,2.359
1289532735,279437.1,6130221.8,2.446
1289532736,279436.6,6130222.1,2.839
1289532737,279436.0,6130222.1,-3.104
1289532738,279435.3,6130221.9,-2.463
1289532739,279435.1,6130221.7,-1.825
1289532740,279435.2,6130222.0,-1.516
1289532741,279435.2,6130221.9,-0.883
1289532742,279435.7,6130221.9,-0.172
1289532743,279436.4,6130221.5,-0.734
1289532744,279436.5,6130221.2,-2.137
1289532745,279436.1,6130220.9,-2.272
1289532746,279435.5,6130220.1,-2.202
1289532747,279435.0,6130219.4,-2.315
1289532748,279435.0,6130219.4,-2.324
1289532749,279435.0,6130219.4,-2.320
1289532750,279435.0,6130219.4,-2.322
1289532751,279435.0,6130219.4,-2.322
1289532752,279435.0,6130219.4,-2.323
1289532753,279435.0,6130219.4,-2.323
1289532754,279435.0,6130219.4,-2.321
1289532755,279435.0,6130219.4,-2.323
1289532756,279435.0,6130219.4,-2.101
1289532757,279435.1,6130219.4,-1.288
1289532758,279435.1,6130219.4,-0.237
1289532759,279435.1,6130219.5,0.035
1289532760,279435.1,6130219.4,0.033
1289532761,279435.1,6130219.4,0.036
1289532762,279435.1,6130219.4,0.036
1289532763,279435.1,6130219.4,0.035
1289532764,279435.1,6130219.4,0.035
1289532765,279435.1,6130219.4,0.034
1289532766,279435.1,6130219.4,0.033
1289532767,279435.1,6130219.4,0.036
1289532768,279435.1,6130219.4,0.035
1289532769,279435.1,6130219.4,0.033
1289532770,279435.1,6130219.4,0.035
1289532771,279435.1,6130219.4,0.033
1289532772,279435.1,6130219.4,0.033
1289532773,279435.1,6130219.4,0.036
1289532774,279435.1,6130219.4,0.034
1289532775,279435.1,6130219.4,0.032
1289532776,279435.1,6130219.4,0.035
1289532777,279435.1,6130219.4,0.032
1289532778,279435.1,6130219.4,0.034
1289532779,279435.1,6130219.4,0.033
1289532780,279435.1,6130219.4,0.035
1289532781,279435.1,6130219.4,0.034
1289532782,279435.1,6130219.4,0.033
1289532783,279435.1,6130219.4,0.035
1289532784,279435.1,6130219.4,0.034
1289532785,279435.1,6130219.4,0.033
1289532786,279435.1,6130219.4,0.034
1289532787,279435.1,6130219.4,0.033
1289532788,279435.1,6130219.4,0.033
1289532789,279435.1,6130219.4,0.033
1289532790,279435.1,6130219.4,0.034
1289532791,279435.1,6130219.4,0.034
1289532792,279435.1,6130219.4,0.033
1289532793,279435.1,6130219.4,0.034
1289532794,279435.1,6130219.4,0.032
1289532795,279435.1,6130219.4,0.022
1289532796,279435.1,6130219.3,-1.483
1289532797,279435.0,6130219.1,-2.280
1289532798,279434.6,6130219.1,2.756
1289532799,279434.6,6130219.1,2.762
1289532800,279434.6,6130219.1,2.782
1289532801,279434.6,6130219.0,-3.131
1289532802,279434.6,6130219.0,-2.289
1289532804,279434.6,6130219.0,-1.969
1289532804,279434.6,6130219.0,-1.964
1289532805,279434.8,6130218.7,-0.592
1289532806,279435.4,6130218.3,-0.681
1289532807,279436.1,6130217.8,-0.518
1289532808,279436.8,6130217.5,-0.352
1289532809,279437.2,6130217.4,-0.395
1289532810,279437.4,6130217.3,-0.201
1289532811,279438.2,6130217.4,0.186
1289532812,279439.1,6130217.4,-0.212
1289532813,279439.9,6130217.1,-0.640
1289532814,279440.3,6130216.8,-0.642
1289532815,279440.8,6130216.4,-0.718
1289532816,279441.3,6130215.8,-1.233
1289532817,279441.2,6130215.2,-2.294
1289532818,279440.6,6130214.6,-2.303
1289532819,279440.3,6130214.1,-2.183
1289532820,279440.3,6130214.2,2.469
1289532821,279440.5,6130214.4,0.582
1289532822,279441.1,6130214.8,1.047
1289532823,279441.1,6130215.4,1.827
1289532824,279441.1,6130216.1,1.148
1289532825,279441.6,6130216.6,0.685
1289532826,279441.5,6130216.5,0.699
1289532827,279441.6,6130216.5,-0.917
1289532828,279441.6,6130216.0,-2.242
1289532829,279441.0,6130215.5,-2.265
1289532830,279440.7,6130215.0,-2.152
1289532831,279440.7,6130215.0,-2.723
1289532832,279440.7,6130215.1,1.693
1289532833,279440.7,6130215.4,1.689
1289532834,279440.5,6130216.5,1.649
1289532835,279440.7,6130217.2,0.828
1289532836,279440.7,6130217.2,0.807
1289532837,279440.8,6130217.2,0.166
1289532838,279441.2,6130217.0,-1.135
1289532839,279441.0,6130216.4,-1.899
1289532840,279441.1,6130215.7,-1.329
1289532841,279441.1,6130215.5,-1.334
1289532842,279441.1,6130215.0,-1.963
1289532843,279440.7,6130214.7,-3.106
1289532844,279440.6,6130214.7,-2.839
1289532845,279440.3,6130214.7,-3.121
1289532846,279440.2,6130214.6,-2.537
1289532847,279439.8,6130214.3,-2.487
1289532848,279439.4,6130214.0,-2.299
1289532849,279439.1,6130213.5,-1.968
1289532850,279439.0,6130213.1,-1.370
1289532851,279439.0,6130213.1,-1.374
1289532852,279438.9,6130212.9,-2.809
1289532853,279438.6,6130212.8,-2.348
1289532854,279438.1,6130212.0,-2.170
1289532855,279437.6,6130211.2,-2.005
1289532856,279437.6,6130210.8,-0.823
1289532857,279437.9,6130210.7,-0.435
1289532858,279438.3,6130210.5,-0.264
1289532859,279438.5,6130210.5,-0.169
1289532860,279438.5,6130210.5,-0.169
1289532861,279438.5,6130210.5,-0.144
1289532862,279438.5,6130210.4,-0.989
1289532863,279438.4,6130210.1,-2.353
1289532864,279438.0,6130210.0,2.693
1289532865,279437.7,6130210.3,2.085
1289532866,279437.7,6130210.3,2.078
1289532867,279437.7,6130210.3,2.093
1289532868,279437.7,6130210.3,-2.638
1289532869,279437.5,6130209.9,-1.430
1289532870,279437.7,6130209.5,-1.289
1289532871,279437.8,6130209.1,-1.607
1289532872,279437.8,6130208.6,-1.586
1289532873,279437.7,6130208.6,-2.762
1289532874,279437.6,6130208.6,2.721
1289532875,279437.6,6130208.6,2.082
1289532876,279437.2,6130208.7,-2.951
1289532877,279436.9,6130208.6,-2.644
1289532878,279436.9,6130208.6,-0.840
1289532879,279437.1,6130208.5,-0.013
1289532880,279437.1,6130208.5,-0.010
1289532881,279437.1,6130208.5,0.004
1289532882,279437.1,6130208.5,0.354
1289532883,279437.1,6130208.6,1.268
1289532884,279436.9,6130208.6,-3.012
1289532885,279436.5,6130208.5,2.902
1289532886,279435.9,6130208.8,2.528
1289532887,279435.5,6130209.1,2.653
1289532888,279435.1,6130209.2,2.555
1289532889,279435.1,6130209.4,1.471
1289532890,279435.3,6130209.7,0.714
1289532891,279435.3,6130209.7,0.729
1289532892,279435.3,6130209.7,0.730
1289532893,279435.3,6130209.7,0.842
1289532894,279435.4,6130209.8,0.956
1289532895,279435.7,6130210.2,1.060
1289532896,279435.7,6130210.7,1.953
1289532897,279435.4,6130211.0,2.352
1289532898,279435.2,6130211.2,2.290
1289532899,279435.1,6130211.2,2.697
1289532900,279434.6,6130211.4,2.719
1289532901,279434.1,6130211.7,2.653
1289532902,279433.8,6130211.8,2.920
1289532903,279433.6,6130211.7,-1.660
1289532904,279433.6,6130211.7,-1.227
1289532905,279433.6,6130211.7,-0.667
1289532906,279433.9,6130211.6,-0.420
1289532907,279434.5,6130211.3,-0.653
1289532908,279434.6,6130211.3,-0.654
1289532909,279434.6,6130211.3,-0.647
1289532910,279434.9,6130210.8,-0.757
1289532911,279435.6,6130210.3,-0.625
1289532912,279435.9,6130209.9,-1.719
1289532913,279435.6,6130209.6,-2.540
1289532914,279435.3,6130209.3,-2.802
1289532915,279435.0,6130209.4,2.111
1289532916,279434.9,6130209.5,2.484
1289532917,279434.8,6130209.5,2.579
1289532918,279434.8,6130209.5,2.648
1289532919,279434.7,6130209.5,-2.903
1289532920,279434.5,6130209.2,-2.443
1289532921,279434.2,6130209.0,-2.872
1289532922,279433.8,6130208.9,-2.784
1289532923,279433.6,6130208.8,-2.387
1289532924,279433.6,6130208.8,-2.388
1289532925,279433.6,6130208.7,-1.593
1289532926,279433.6,6130208.6,-1.590
1289532927,279433.6,6130208.6,-1.574
1289532928,279433.6,6130208.7,-1.266
1289532929,279433.6,6130208.7,-0.351
1289532930,279433.7,6130208.5,-1.227
1289532931,279433.8,6130208.3,-0.946
1289532932,279433.8,6130208.3,-0.942
1289532933,279433.8,6130208.3,-0.921
1289532934,279433.8,6130208.3,-0.595
1289532935,279434.0,6130208.3,-0.205
1289532936,279434.6,6130208.2,-0.182
1289532937,279435.3,6130208.2,0.037
1289532938,279436.2,6130208.3,0.135
1289532939,279436.3,6130208.3,0.104
1289532940,279436.3,6130208.3,0.105
1289532941,279436.3,6130208.3,0.104
1289532942,279436.4,6130208.3,0.485
1289532943,279436.4,6130208.7,1.619
1289532944,279436.5,6130209.5,1.535
1289532945,279436.5,6130209.7,1.178
1289532946,279436.8,6130209.9,0.289
1289532947,279436.9,6130209.9,0.145
1289532948,279436.6,6130209.9,0.162
1289532949,279436.6,6130209.9,0.343
1289532950,279436.6,6130209.9,0.359
1289532951,279436.5,6130209.9,0.328
1289532952,279436.6,6130209.9,0.284
1289532953,279437.0,6130210.0,0.212
1289532954,279437.4,6130210.1,0.025
1289532955,279437.4,6130210.1,0.056
1289532956,279437.5,6130210.1,0.222
1289532957,279437.5,6130210.1,0.219
1289532958,279437.5,6130210.1,0.213
1289532959,279437.5,6130210.1,0.214
1289532960,279437.5,6130210.1,0.216
1289532961,279437.5,6130210.1,0.226
1289532962,279437.6,6130210.3,1.692
1289532963,279437.5,6130210.8,1.542
1289532964,279437.6,6130211.3,1.346
1289532965,279437.8,6130211.6,0.754
1289532966,279438.2,6130211.9,0.560
1289532967,279438.6,6130212.2,0.500
1289532968,279439.0,6130212.3,0.449
1289532969,279439.6,6130212.6,0.543
1289532970,279440.2,6130213.1,0.879
1289532971,279440.6,6130213.9,1.185
1289532972,279441.0,6130215.0,1.195
1289532973,279441.3,6130215.9,1.549
1289532974,279441.1,6130216.8,1.778
1289532975,279440.9,6130217.9,1.686
1289532976,279440.9,6130218.7,1.352
1289532977,279441.0,6130218.9,1.110
1289532978,279441.4,6130219.7,1.097
1289532979,279441.7,6130220.4,1.022
1289532980,279441.7,6130220.4,1.021
1289532981,279441.7,6130220.4,1.023
1289532982,279441.7,6130220.4,1.024
1289532983,279441.7,6130220.4,1.024
1289532984,279441.7,6130220.4,1.021
1289532985,279441.7,6130220.4,1.021
1289532986,279441.7,6130220.4,1.022
1289532987,279441.7,6130220.4,1.021
1289532988,279441.7,6130220.4,1.020
1289532989,279441.7,6130220.4,1.021
1289532990,279441.7,6130220.4,1.020
1289532991,279441.7,6130220.4,1.021
1289532992,279441.7,6130220.4,1.021
1289532993,279441.7,6130220.4,1.020
1289532994,279441.7,6130220.4,1.020
1289532995,279441.7,6130220.4,1.020
1289532996,279441.7,6130220.4,1.025
1289532997,279441.7,6130220.4,1.022
1289532998,279441.7,6130220.4,1.023
1289532999,279441.7,6130220.4,1.025
1289533000,279441.7,6130220.4,1.025
1289533001,279441.7,6130220.4,1.026
1289533002,279441.7,6130220.4,1.022
1289533003,279441.7,6130220.4,1.024
1289533004,279441.7,6130220.4,1.021
1289533005,279441.7,6130220.4,1.022
1289533006,279441.7,6130220.4,1.020
1289533007,279441.7,6130220.4,1.019
1289533008,279441.7,6130220.4,1.020
1289533009,279441.7,6130220.4,1.020
1289533010,279441.7,6130220.4,1.020
1289533011,279441.7,6130220.4,1.025
1289533012,279441.7,6130220.4,1.022
1289533013,279441.7,6130220.4,1.022
1289533014,279441.7,6130220.4,1.022
1289533015,279441.7,6130220.4,1.023
1289533016,279441.7,6130220.4,1.023
1289533017,279441.7,6130220.4,1.021
1289533018,279441.7,6130220.4,1.022
1289533019,279441.7,6130220.4,1.024
1289533020,279441.7,6130220.4,1.022
1289533021,279441.7,6130220.4,1.021
1289533022,279441.7,6130220.4,1.022
1289533023,279441.7,6130220.4,1.021
1289533023,279441.7,6130220.4,1.025
1289533024,279441.7,6130220.4,1.024
1289533026,279441.6,6130220.3,1.010
1289533026,279441.6,6130220.3,0.693
1289533027,279441.6,6130220.2,0.696
1289533028,279441.6,6130220.2,0.695
1289533030,279441.6,6130220.2,0.696
1289533030,279441.6,6130220.4,1.985
1289533031,279441.3,6130220.7,2.567
1289533032,279441.0,6130221.0,1.786
1289533033,279441.0,6130221.4,1.919
1289533034,279440.8,6130221.7,2.089
1289533035,279440.6,6130222.0,2.116
1289533036,279440.4,6130222.4,1.812
1289533037,279440.4,6130222.7,1.555
1289533038,279440.4,6130223.3,1.540
1289533039,279440.5,6130223.8,1.264
1289533040,279440.7,6130224.3,1.131
1289533041,279441.2,6130225.2,1.090
1289533042,279441.5,6130225.8,1.176
1289533043,279441.6,6130226.3,1.244
1289533044,279441.8,6130226.7,0.960
1289533045,279441.8,6130226.8,0.906
1289533046,279441.8,6130226.8,0.908
1289533047,279442.0,6130227.0,0.885
1289533048,279442.3,6130227.4,0.874
1289533049,279442.7,6130227.8,0.868
1289533050,279443.1,6130228.3,0.816
1289533051,279443.5,6130228.6,0.684
1289533052,279444.0,6130229.0,0.255
1289533053,279444.3,6130229.1,0.352
1289533054,279444.6,6130229.2,0.515
1289533055,279445.4,6130229.8,0.543
1289533056,279446.4,6130230.4,0.362
1289533057,279447.2,6130230.5,-0.097
1289533058,279447.7,6130230.4,-0.530
1289533059,279448.1,6130230.3,0.124
1289533060,279449.1,6130230.4,0.091
1289533061,279450.2,6130230.5,0.021
1289533062,279450.6,6130230.5,-0.100
1289533063,279450.6,6130230.5,-0.096
1289533064,279451.2,6130230.5,0.053
1289533065,279452.2,6130230.6,0.075
1289533066,279453.5,6130230.7,0.056
1289533067,279454.6,6130230.8,0.024
1289533068,279455.4,6130230.9,0.371
1289533069,279456.0,6130231.3,0.898
